2026-05-27 15:08:10,273 DEBUG [WB_to_MX.lambda$run_gui_mode$0] Arguments: [-mx_timeout, -1, -pack, assets/MotorControlPack/MotorControl.zip, -exp, templates/wb-defines_where_and_what.txt, -ftl, templates/wb_ioc_template.ftl, -xdm, D:\code\pmsm_foc_driver\pmsm_foc_driver\pmsm_foc_driver.wbdef, -ioc, D:\code\pmsm_foc_driver\pmsm_foc_driver\pmsm_foc_driver.ioc]
2026-05-27 15:08:10,279 DEBUG [ArgsValue.lambda$retrieve$2] CLI_ARG[ftl]: templates/wb_ioc_template.ftl
2026-05-27 15:08:10,280 DEBUG [ArgsValue.lambda$retrieve$2] CLI_ARG[exp]: templates/wb-defines_where_and_what.txt
2026-05-27 15:08:10,280 DEBUG [ArgsValue.lambda$retrieve$2] CLI_ARG[xdm]: D:\code\pmsm_foc_driver\pmsm_foc_driver\pmsm_foc_driver.wbdef
2026-05-27 15:08:10,282 DEBUG [ArgsValue.lambda$retrieve$2] CLI_ARG[ioc]: D:\code\pmsm_foc_driver\pmsm_foc_driver\pmsm_foc_driver.ioc
2026-05-27 15:08:10,282 DEBUG [ArgsValue.lambda$retrieve$2] CLI_ARG[pack]: assets/MotorControlPack/MotorControl.zip
2026-05-27 15:08:10,282 DEBUG [ArgsValue.lambda$retrieve$2] CLI_ARG[mx_timeout]: -1
2026-05-27 15:08:10,283 DEBUG [ArgsValue.retrieve] {xdm=D:\code\pmsm_foc_driver\pmsm_foc_driver\pmsm_foc_driver.wbdef, updftl=templates/wb_ioc_mc-middleware.ftl, mx_timeout=-1, exp=templates/wb-defines_where_and_what.txt, ioc=D:\code\pmsm_foc_driver\pmsm_foc_driver\pmsm_foc_driver.ioc, pack=assets/MotorControlPack/MotorControl.zip, ftl=templates/wb_ioc_template.ftl}
2026-05-27 15:08:10,352 DEBUG [WB_to_MX.run] Targeted MCU family = F4
2026-05-27 15:08:10,365 DEBUG [WB_to_MX.run] Minimum associated CubeMx to the `6.0.0-a0` targeted MCU family is `F4`
2026-05-27 15:08:10,589 DEBUG [CubeMxCtx.__from] Unable to retrieve CubeMx version: 'Updater jar not found: C:\Users\nanchang\AppData\Local\STMicroelectronics\STM32CubeMX2\plugins\updater.jar'
2026-05-27 15:08:10,614 DEBUG [CubeMxCtx.__from] Unable to retrieve CubeMx version: 'Updater jar not found: C:\Users\nanchang\AppData\Local\STMicroelectronics\STM32CubeMX2\plugins\updater.jar'
2026-05-27 15:08:10,623 DEBUG [CubeMxCtx.__from] Unable to retrieve CubeMx version: 'Updater jar not found: C:\Users\nanchang\AppData\Local\STMicroelectronics\STM32CubeMX2\plugins\updater.jar'
2026-05-27 15:08:14,877 DEBUG [EnvironmentChecker.checkPack] STM32CubeMX.Version: 6.17.0-RC5
2026-05-27 15:08:14,880 DEBUG [RetrieveFirmwareVersion.from_zip] Trying to read Firmware version from zipped version Pack: D:\Program Files (x86)\STMicroelectronics\MC_SDK_6.4.2\Utilities\PC_Software\STMCWB\assets\MotorControlPack\MotorControl.zip
2026-05-27 15:08:14,922 DEBUG [RetrieveFirmwareVersion.minimum_supporte_version] minimum_supporte_version MotorControlFirmware.Version: 6.4.2-Full
2026-05-27 15:08:14,923 DEBUG [PackInfoFactory.deploy_MCPack_to_MxRepo] Deployment strategy class: VersionedFolderStyle_MCPackDeployer
2026-05-27 15:08:14,924 DEBUG [PackInfoFactory.deploy_MCPack_to_MxRepo] Expected MC Pack 6.4.2-Full already deployed
2026-05-27 15:08:14,942 DEBUG [DataSetUpdater.update] Updating data set
2026-05-27 15:08:14,943 DEBUG [DataSetUpdater.update] Update done
2026-05-27 15:08:14,943 INFO  [IocGenerator.logModulesVersionInfo] Version info: 
2026-05-27 15:08:14,958 INFO  [IocGenerator.logModulesVersionInfo]   MC Workbench       : 6.4.2
2026-05-27 15:08:14,958 INFO  [IocGenerator.logModulesVersionInfo]   WB_to_Mx           : 6.4.2.template-25-05-06
2026-05-27 15:08:14,959 INFO  [IocGenerator.logModulesVersionInfo]   STM32CubeMX        : 6.17.0
2026-05-27 15:08:14,959 INFO  [IocGenerator.logModulesVersionInfo]   MC Firmware Library: 6.4.2-Full
2026-05-27 15:08:14,960 INFO  [IocGenerator.logModulesVersionInfo] 
Generation options: 
2026-05-27 15:08:14,960 INFO  [IocGenerator.logModulesVersionInfo]   Target Toolchain   : Keil MDK-ARM V5
2026-05-27 15:08:14,961 INFO  [IocGenerator.logModulesVersionInfo]   Target Driver      : HAL - Hardware Abstraction Layer
2026-05-27 15:08:14,961 INFO  [IocGenerator.logModulesVersionInfo]   Target STM32 FW    : 1.28.3

2026-05-27 15:08:14,965 DEBUG [IocGenerator.process] D:\code\pmsm_foc_driver\pmsm_foc_driver\pmsm_foc_driver.ioc ioc file: Generating
2026-05-27 15:08:14,966 DEBUG [IocGenerator.createOutput] Generating file from template templates\wb_ioc_template.ftl
2026-05-27 15:08:16,817 DEBUG [IocGenerator.process] ioc file D:\code\pmsm_foc_driver\pmsm_foc_driver\pmsm_foc_driver.ioc Generated
2026-05-27 15:08:16,821 INFO  [LineInfo_to_exitCode.log_LineInfo] D:\code\pmsm_foc_driver\pmsm_foc_driver\pmsm_foc_driver.ioc ioc: Generated
2026-05-27 15:08:16,946 INFO  [Wb2MxProcess.lambda$copyFolder$e7a869af$1] Folder Overwritten D:\code\pmsm_foc_driver\pmsm_foc_driver\ftl
2026-05-27 15:08:16,972 INFO  [extSettings.lambda$writeContentToFile$f5919002$1] Generated D:\code\pmsm_foc_driver\pmsm_foc_driver\.extSettings
2026-05-27 15:08:16,978 INFO  [Wb2MxProcess.lambda$run$$19] 
Started STM32CubeMX for final c-code generation
2026-05-27 15:08:16,998 DEBUG [CubeMxRunner.create_code_generation_script_for] Generated CubeMx script file: C:\Users\nanchang\AppData\Local\Temp\WB_to_Mx-pmsmfocdriver-9406419068890677575.script
2026-05-27 15:08:17,664 DEBUG [LineInfo_to_exitCode.log_LineInfo] 2026-05-27 15:08:17,662 [INFO] MicroXplorer:98 - [MX] MX Start == 358775659840100
2026-05-27 15:08:17,665 DEBUG [LineInfo_to_exitCode.log_LineInfo] 2026-05-27 15:08:17,664 [INFO] MicroXplorer:653 - Detected Java Version = 21.0.9
2026-05-27 15:08:17,666 DEBUG [LineInfo_to_exitCode.log_LineInfo] 2026-05-27 15:08:17,665 [INFO] ApplicationProperties:184 - Using Application install path: D:\Program Files\STMicroelectronics\STM32Cube\STM32CubeMX
2026-05-27 15:08:17,677 DEBUG [LineInfo_to_exitCode.log_LineInfo] 2026-05-27 15:08:17,677 [INFO] DbMcusXml:78 - Set database path to: D:\Program Files\STMicroelectronics\STM32Cube\STM32CubeMX\\db\/mcu/
2026-05-27 15:08:17,678 DEBUG [LineInfo_to_exitCode.log_LineInfo] 2026-05-27 15:08:17,677 [INFO] ApiDb:274 - Set plugin database path to: D:\Program Files\STMicroelectronics\STM32Cube\STM32CubeMX\\db\/plugins/boardmanager/
2026-05-27 15:08:17,682 DEBUG [LineInfo_to_exitCode.log_LineInfo] 2026-05-27 15:08:17,681 [INFO] McuFinderGlobals:63 - Set McuFinder mode to 1 (CubeMX integrated)
2026-05-27 15:08:17,701 DEBUG [LineInfo_to_exitCode.log_LineInfo] 2026-05-27 15:08:17,701 [INFO] ApiDb:250 - Set database path to: C:\Users\nanchang\.stmcufinder\plugins\mcufinder//mcu/
2026-05-27 15:08:17,702 DEBUG [LineInfo_to_exitCode.log_LineInfo] 2026-05-27 15:08:17,702 [INFO] DbMcusAds:125 - Set database path to: C:\Users\nanchang\.stmcufinder\plugins\mcufinder//mcu/
2026-05-27 15:08:17,707 DEBUG [LineInfo_to_exitCode.log_LineInfo] 2026-05-27 15:08:17,707 [INFO] CrossReferenceDbSqlite:203 - Set database path to: C:\Users\nanchang\.stmcufinder\plugins\mcufinder//mcu/cs/
2026-05-27 15:08:17,790 DEBUG [LineInfo_to_exitCode.log_LineInfo] 2026-05-27 15:08:17,790 [INFO] RulesReader:64 - Compatibility file has been processed (323 Rules)
2026-05-27 15:08:17,816 DEBUG [LineInfo_to_exitCode.log_LineInfo] 2026-05-27 15:08:17,816 [INFO] STM32CubeMX:60 - Starting STM32CubeMX
2026-05-27 15:08:18,033 DEBUG [LineInfo_to_exitCode.log_LineInfo] 2026-05-27 15:08:18,033 [INFO] MainPanel:274 - HeapMemory: 56623104
2026-05-27 15:08:18,066 DEBUG [LineInfo_to_exitCode.log_LineInfo] 2026-05-27 15:08:18,066 [INFO] MainFrame:145 - AppUserModelID : STM32CubeMX.6.17.0-RC5
2026-05-27 15:08:18,198 DEBUG [LineInfo_to_exitCode.log_LineInfo] 2026-05-27 15:08:18,198 [INFO] DbMcusXml:78 - Set database path to: D:\Program Files\STMicroelectronics\STM32Cube\STM32CubeMX\\db\/mcu/
2026-05-27 15:08:18,199 DEBUG [LineInfo_to_exitCode.log_LineInfo] 2026-05-27 15:08:18,198 [INFO] ApiDb:274 - Set plugin database path to: D:\Program Files\STMicroelectronics\STM32Cube\STM32CubeMX\\db\/plugins/boardmanager/
2026-05-27 15:08:18,199 DEBUG [LineInfo_to_exitCode.log_LineInfo] 2026-05-27 15:08:18,198 [INFO] ApiDb:261 - Set plugin images path to: D:\Program Files\STMicroelectronics\STM32Cube\STM32CubeMX\\db\/plugins/mcufinder/images/
2026-05-27 15:08:18,199 DEBUG [LineInfo_to_exitCode.log_LineInfo] 2026-05-27 15:08:18,199 [INFO] ApiDb:250 - Set database path to: C:\Users\nanchang\.stmcufinder\plugins\mcufinder//mcu/
2026-05-27 15:08:18,199 DEBUG [LineInfo_to_exitCode.log_LineInfo] 2026-05-27 15:08:18,199 [INFO] DbMcusAds:125 - Set database path to: C:\Users\nanchang\.stmcufinder\plugins\mcufinder//mcu/
2026-05-27 15:08:18,201 DEBUG [LineInfo_to_exitCode.log_LineInfo] 2026-05-27 15:08:18,201 [INFO] CrossReferenceDbSqlite:203 - Set database path to: C:\Users\nanchang\.stmcufinder\plugins\mcufinder//mcu/cs/
2026-05-27 15:08:18,217 DEBUG [LineInfo_to_exitCode.log_LineInfo] 2026-05-27 15:08:18,217 [INFO] ApplicationProperties:184 - Using Application install path: D:\Program Files\STMicroelectronics\STM32Cube\STM32CubeMX
2026-05-27 15:08:18,218 DEBUG [LineInfo_to_exitCode.log_LineInfo] 2026-05-27 15:08:18,218 [INFO] PluginManage:196 - Search for loadable plugins [exclusion list=, ]
2026-05-27 15:08:18,220 DEBUG [LineInfo_to_exitCode.log_LineInfo] 2026-05-27 15:08:18,219 [INFO] PluginManage:310 - Check plugin analytics
2026-05-27 15:08:23,412 DEBUG [LineInfo_to_exitCode.log_LineInfo] 2026-05-27 15:08:23,412 [INFO] AnalyticsPlugin:253 - Accepted Software Licenses: STM32CubeMX.6.15.0,STM32CubeMX.6.17.0
2026-05-27 15:08:23,413 DEBUG [LineInfo_to_exitCode.log_LineInfo] 2026-05-27 15:08:23,412 [INFO] AnalyticsPlugin:255 - Accepted CMSIS Pack Licenses: RealThread.X-CUBE-RT-Thread_Nano.4.1.1,STMicroelectronics.X-CUBE-AI.10.1.0,STMicroelectronics.X-CUBE-ALGOBUILD.1.4.0
2026-05-27 15:08:23,413 DEBUG [LineInfo_to_exitCode.log_LineInfo] 2026-05-27 15:08:23,412 [INFO] AnalyticsPlugin:257 - Accepted Firmware Licenses: FW.F4.1.28.0,FW.H7.1.12.0,FW.H7.1.11.0,FW.F4.1.28.3,FW.F4.1.28.1,FW.F1.1.8.7,FW.F4.1.27.0,FW.F4.1.27.1
2026-05-27 15:08:23,415 DEBUG [LineInfo_to_exitCode.log_LineInfo] 2026-05-27 15:08:23,414 [INFO] PluginManage:359 - Loaded plugin analytics (category:tool,tabindex:-1)
2026-05-27 15:08:23,415 DEBUG [LineInfo_to_exitCode.log_LineInfo] 2026-05-27 15:08:23,415 [INFO] PluginManage:310 - Check plugin cadmodel
2026-05-27 15:08:23,432 DEBUG [LineInfo_to_exitCode.log_LineInfo] 2026-05-27 15:08:23,431 [INFO] CADModel:105 - Init CAD model plugin
2026-05-27 15:08:23,432 DEBUG [LineInfo_to_exitCode.log_LineInfo] 2026-05-27 15:08:23,432 [INFO] PluginManage:359 - Loaded plugin cadmodel (category:power,tabindex:5)
2026-05-27 15:08:23,433 DEBUG [LineInfo_to_exitCode.log_LineInfo] 2026-05-27 15:08:23,432 [INFO] PluginManage:310 - Check plugin clock
2026-05-27 15:08:23,442 DEBUG [LineInfo_to_exitCode.log_LineInfo] 2026-05-27 15:08:23,442 [INFO] PluginManage:359 - Loaded plugin clock (category:base,tabindex:2)
2026-05-27 15:08:23,443 DEBUG [LineInfo_to_exitCode.log_LineInfo] 2026-05-27 15:08:23,442 [INFO] PluginManage:310 - Check plugin ddr
2026-05-27 15:08:23,446 DEBUG [LineInfo_to_exitCode.log_LineInfo] 2026-05-27 15:08:23,446 [INFO] PluginManage:359 - Loaded plugin ddr (category:tool,tabindex:6)
2026-05-27 15:08:23,447 DEBUG [LineInfo_to_exitCode.log_LineInfo] 2026-05-27 15:08:23,446 [INFO] PluginManage:310 - Check plugin filemanager
2026-05-27 15:08:23,580 DEBUG [LineInfo_to_exitCode.log_LineInfo] 2026-05-27 15:08:23,580 [INFO] PluginManage:359 - Loaded plugin filemanager (category:base,tabindex:10)
2026-05-27 15:08:23,581 DEBUG [LineInfo_to_exitCode.log_LineInfo] 2026-05-27 15:08:23,580 [INFO] PluginManage:310 - Check plugin ipmanager
2026-05-27 15:08:23,589 DEBUG [LineInfo_to_exitCode.log_LineInfo] 2026-05-27 15:08:23,588 [INFO] PluginManage:359 - Loaded plugin ipmanager (category:base,tabindex:5)
2026-05-27 15:08:23,589 DEBUG [LineInfo_to_exitCode.log_LineInfo] 2026-05-27 15:08:23,588 [INFO] PluginManage:310 - Check plugin lpbam
2026-05-27 15:08:23,598 DEBUG [LineInfo_to_exitCode.log_LineInfo] 2026-05-27 15:08:23,598 [INFO] PluginManage:359 - Loaded plugin lpbam (category:base,tabindex:0)
2026-05-27 15:08:23,598 DEBUG [LineInfo_to_exitCode.log_LineInfo] 2026-05-27 15:08:23,598 [INFO] PluginManage:310 - Check plugin memorymap
2026-05-27 15:08:23,611 DEBUG [LineInfo_to_exitCode.log_LineInfo] 2026-05-27 15:08:23,611 [INFO] PluginManage:359 - Loaded plugin memorymap (category:base,tabindex:4)
2026-05-27 15:08:23,611 DEBUG [LineInfo_to_exitCode.log_LineInfo] 2026-05-27 15:08:23,611 [INFO] PluginManage:310 - Check plugin pinoutandconfiguration
2026-05-27 15:08:23,620 DEBUG [LineInfo_to_exitCode.log_LineInfo] 2026-05-27 15:08:23,619 [INFO] PluginManage:359 - Loaded plugin pinoutandconfiguration (category:base,tabindex:1)
2026-05-27 15:08:23,620 DEBUG [LineInfo_to_exitCode.log_LineInfo] 2026-05-27 15:08:23,619 [INFO] PluginManage:310 - Check plugin pinoutconfig
2026-05-27 15:08:23,870 DEBUG [LineInfo_to_exitCode.log_LineInfo] 2026-05-27 15:08:23,870 [INFO] PluginManage:359 - Loaded plugin pinoutconfig (category:base,tabindex:0)
2026-05-27 15:08:23,871 DEBUG [LineInfo_to_exitCode.log_LineInfo] 2026-05-27 15:08:23,870 [INFO] PluginManage:310 - Check plugin power
2026-05-27 15:08:23,886 DEBUG [LineInfo_to_exitCode.log_LineInfo] 2026-05-27 15:08:23,886 [INFO] PluginManage:359 - Loaded plugin power (category:power,tabindex:4)
2026-05-27 15:08:23,887 DEBUG [LineInfo_to_exitCode.log_LineInfo] 2026-05-27 15:08:23,886 [INFO] PluginManage:310 - Check plugin projectmanager
2026-05-27 15:08:23,947 DEBUG [LineInfo_to_exitCode.log_LineInfo] 2026-05-27 15:08:23,947 [INFO] PluginManage:359 - Loaded plugin projectmanager (category:projectmanager,tabindex:4)
2026-05-27 15:08:23,948 DEBUG [LineInfo_to_exitCode.log_LineInfo] 2026-05-27 15:08:23,947 [INFO] PluginManage:310 - Check plugin rif
2026-05-27 15:08:23,957 DEBUG [LineInfo_to_exitCode.log_LineInfo] 2026-05-27 15:08:23,955 [INFO] PluginManage:359 - Loaded plugin rif (category:base,tabindex:3)
2026-05-27 15:08:23,957 DEBUG [LineInfo_to_exitCode.log_LineInfo] 2026-05-27 15:08:23,955 [INFO] PluginManage:310 - Check plugin thirdparty
2026-05-27 15:08:24,068 DEBUG [LineInfo_to_exitCode.log_LineInfo] 2026-05-27 15:08:24,067 [INFO] PluginManage:359 - Loaded plugin thirdparty (category:base,tabindex:-1)
2026-05-27 15:08:24,068 DEBUG [LineInfo_to_exitCode.log_LineInfo] 2026-05-27 15:08:24,067 [INFO] PluginManage:310 - Check plugin tools
2026-05-27 15:08:24,068 DEBUG [LineInfo_to_exitCode.log_LineInfo] 2026-05-27 15:08:24,068 [INFO] IntegrityCheckThread:86 - entering critical section [integrity check]
2026-05-27 15:08:24,069 DEBUG [LineInfo_to_exitCode.log_LineInfo] 2026-05-27 15:08:24,068 [INFO] ThirdPartyUpdaterWithRetryManager:70 - Updater plugin not ready yet. [1/15]
2026-05-27 15:08:24,070 DEBUG [LineInfo_to_exitCode.log_LineInfo] 2026-05-27 15:08:24,069 [INFO] PluginManage:359 - Loaded plugin tools (category:base,tabindex:7)
2026-05-27 15:08:24,070 DEBUG [LineInfo_to_exitCode.log_LineInfo] 2026-05-27 15:08:24,070 [INFO] PluginManage:310 - Check plugin tutovideos
2026-05-27 15:08:24,317 DEBUG [LineInfo_to_exitCode.log_LineInfo] 2026-05-27 15:08:24,317 [INFO] PluginManage:359 - Loaded plugin tutovideos (category:base,tabindex:-1)
2026-05-27 15:08:24,318 DEBUG [LineInfo_to_exitCode.log_LineInfo] 2026-05-27 15:08:24,317 [INFO] PluginManage:310 - Check plugin updater
2026-05-27 15:08:24,348 DEBUG [LineInfo_to_exitCode.log_LineInfo] 2026-05-27 15:08:24,347 [INFO] PluginManage:359 - Loaded plugin updater (category:base,tabindex:12)
2026-05-27 15:08:24,348 DEBUG [LineInfo_to_exitCode.log_LineInfo] 2026-05-27 15:08:24,348 [INFO] PluginManage:310 - Check plugin userauth
2026-05-27 15:08:24,352 DEBUG [LineInfo_to_exitCode.log_LineInfo] 2026-05-27 15:08:24,352 [INFO] UserAuth:71 - Init User Auth plugin
2026-05-27 15:08:24,353 DEBUG [LineInfo_to_exitCode.log_LineInfo] 2026-05-27 15:08:24,352 [INFO] PluginManage:359 - Loaded plugin userauth (category:base,tabindex:14)
2026-05-27 15:08:24,353 DEBUG [LineInfo_to_exitCode.log_LineInfo] 2026-05-27 15:08:24,352 [INFO] PluginManage:310 - Check plugin usernotification
2026-05-27 15:08:24,365 DEBUG [LineInfo_to_exitCode.log_LineInfo] 2026-05-27 15:08:24,365 [INFO] UserNotification:110 - Init UserNotification plugin
2026-05-27 15:08:24,366 DEBUG [LineInfo_to_exitCode.log_LineInfo] 2026-05-27 15:08:24,365 [INFO] PluginManage:359 - Loaded plugin usernotification (category:base,tabindex:19)
2026-05-27 15:08:24,366 DEBUG [LineInfo_to_exitCode.log_LineInfo] 2026-05-27 15:08:24,366 [INFO] PluginManage:283 - PluginManage : Loaded plugins [19]
2026-05-27 15:08:24,608 DEBUG [LineInfo_to_exitCode.log_LineInfo] 2026-05-27 15:08:24,607 [INFO] PinOutPanel:1463 - setPackage(No Configuration,No Configuration)
2026-05-27 15:08:24,688 DEBUG [LineInfo_to_exitCode.log_LineInfo] 2026-05-27 15:08:24,687 [INFO] CADModel:166 - CPN selected for project level
2026-05-27 15:08:24,688 DEBUG [LineInfo_to_exitCode.log_LineInfo] 2026-05-27 15:08:24,688 [INFO] CADModel:115 - Register for checkConnection events
2026-05-27 15:08:24,705 DEBUG [LineInfo_to_exitCode.log_LineInfo] 2026-05-27 15:08:24,703 [INFO] IPUIPlugin:83 - create IPUIPlugin
2026-05-27 15:08:24,705 DEBUG [LineInfo_to_exitCode.log_LineInfo] 2026-05-27 15:08:24,703 [INFO] PluginManager:220 - loadIPPluginJar : add adc
2026-05-27 15:08:24,706 DEBUG [LineInfo_to_exitCode.log_LineInfo] 2026-05-27 15:08:24,706 [INFO] IPUIPlugin:83 - create IPUIPlugin
2026-05-27 15:08:24,707 DEBUG [LineInfo_to_exitCode.log_LineInfo] 2026-05-27 15:08:24,706 [INFO] PluginManager:220 - loadIPPluginJar : add aes
2026-05-27 15:08:24,712 DEBUG [LineInfo_to_exitCode.log_LineInfo] 2026-05-27 15:08:24,712 [INFO] IPUIPlugin:83 - create IPUIPlugin
2026-05-27 15:08:24,713 DEBUG [LineInfo_to_exitCode.log_LineInfo] 2026-05-27 15:08:24,712 [INFO] PluginManager:220 - loadIPPluginJar : add can
2026-05-27 15:08:24,714 DEBUG [LineInfo_to_exitCode.log_LineInfo] 2026-05-27 15:08:24,713 [INFO] IPUIPlugin:83 - create IPUIPlugin
2026-05-27 15:08:24,714 DEBUG [LineInfo_to_exitCode.log_LineInfo] 2026-05-27 15:08:24,713 [INFO] PluginManager:220 - loadIPPluginJar : add comp
2026-05-27 15:08:24,716 DEBUG [LineInfo_to_exitCode.log_LineInfo] 2026-05-27 15:08:24,716 [INFO] IPUIPlugin:83 - create IPUIPlugin
2026-05-27 15:08:24,717 DEBUG [LineInfo_to_exitCode.log_LineInfo] 2026-05-27 15:08:24,716 [INFO] PluginManager:220 - loadIPPluginJar : add cryp
2026-05-27 15:08:24,721 DEBUG [LineInfo_to_exitCode.log_LineInfo] 2026-05-27 15:08:24,720 [INFO] IPUIPlugin:83 - create IPUIPlugin
2026-05-27 15:08:24,721 DEBUG [LineInfo_to_exitCode.log_LineInfo] 2026-05-27 15:08:24,720 [INFO] PluginManager:220 - loadIPPluginJar : add ddr_ctrl_phy
2026-05-27 15:08:24,724 DEBUG [LineInfo_to_exitCode.log_LineInfo] 2026-05-27 15:08:24,723 [INFO] IPUIPlugin:83 - create IPUIPlugin
2026-05-27 15:08:24,724 DEBUG [LineInfo_to_exitCode.log_LineInfo] 2026-05-27 15:08:24,724 [INFO] PluginManager:220 - loadIPPluginJar : add dfsdm
2026-05-27 15:08:24,729 DEBUG [LineInfo_to_exitCode.log_LineInfo] 2026-05-27 15:08:24,729 [INFO] IPUIPlugin:83 - create IPUIPlugin
2026-05-27 15:08:24,730 DEBUG [LineInfo_to_exitCode.log_LineInfo] 2026-05-27 15:08:24,729 [INFO] PluginManager:220 - loadIPPluginJar : add dma
2026-05-27 15:08:24,732 DEBUG [LineInfo_to_exitCode.log_LineInfo] 2026-05-27 15:08:24,731 [INFO] IPUIPlugin:83 - create IPUIPlugin
2026-05-27 15:08:24,732 DEBUG [LineInfo_to_exitCode.log_LineInfo] 2026-05-27 15:08:24,732 [INFO] PluginManager:220 - loadIPPluginJar : add dma3
2026-05-27 15:08:24,735 DEBUG [LineInfo_to_exitCode.log_LineInfo] 2026-05-27 15:08:24,735 [INFO] IPUIPlugin:83 - create IPUIPlugin
2026-05-27 15:08:24,735 DEBUG [LineInfo_to_exitCode.log_LineInfo] 2026-05-27 15:08:24,735 [INFO] PluginManager:220 - loadIPPluginJar : add extmemmanager
2026-05-27 15:08:24,736 DEBUG [LineInfo_to_exitCode.log_LineInfo] 2026-05-27 15:08:24,736 [INFO] IPUIPlugin:83 - create IPUIPlugin
2026-05-27 15:08:24,737 DEBUG [LineInfo_to_exitCode.log_LineInfo] 2026-05-27 15:08:24,736 [INFO] PluginManager:220 - loadIPPluginJar : add fatfs
2026-05-27 15:08:24,739 DEBUG [LineInfo_to_exitCode.log_LineInfo] 2026-05-27 15:08:24,739 [INFO] IPUIPlugin:83 - create IPUIPlugin
2026-05-27 15:08:24,739 DEBUG [LineInfo_to_exitCode.log_LineInfo] 2026-05-27 15:08:24,739 [INFO] PluginManager:220 - loadIPPluginJar : add fmc
2026-05-27 15:08:24,745 DEBUG [LineInfo_to_exitCode.log_LineInfo] 2026-05-27 15:08:24,744 [INFO] IPUIPlugin:83 - create IPUIPlugin
2026-05-27 15:08:24,745 DEBUG [LineInfo_to_exitCode.log_LineInfo] 2026-05-27 15:08:24,745 [INFO] PluginManager:220 - loadIPPluginJar : add freertos
2026-05-27 15:08:24,746 DEBUG [LineInfo_to_exitCode.log_LineInfo] 2026-05-27 15:08:24,746 [INFO] IPUIPlugin:83 - create IPUIPlugin
2026-05-27 15:08:24,747 DEBUG [LineInfo_to_exitCode.log_LineInfo] 2026-05-27 15:08:24,746 [INFO] PluginManager:220 - loadIPPluginJar : add genericplugin
2026-05-27 15:08:24,750 DEBUG [LineInfo_to_exitCode.log_LineInfo] 2026-05-27 15:08:24,748 [INFO] IPUIPlugin:83 - create IPUIPlugin
2026-05-27 15:08:24,750 DEBUG [LineInfo_to_exitCode.log_LineInfo] 2026-05-27 15:08:24,748 [INFO] PluginManager:220 - loadIPPluginJar : add gfxmmu
2026-05-27 15:08:24,753 DEBUG [LineInfo_to_exitCode.log_LineInfo] 2026-05-27 15:08:24,752 [INFO] IPUIPlugin:83 - create IPUIPlugin
2026-05-27 15:08:24,753 DEBUG [LineInfo_to_exitCode.log_LineInfo] 2026-05-27 15:08:24,753 [INFO] PluginManager:220 - loadIPPluginJar : add gic
2026-05-27 15:08:24,756 DEBUG [LineInfo_to_exitCode.log_LineInfo] 2026-05-27 15:08:24,755 [INFO] IPUIPlugin:83 - create IPUIPlugin
2026-05-27 15:08:24,756 DEBUG [LineInfo_to_exitCode.log_LineInfo] 2026-05-27 15:08:24,756 [INFO] PluginManager:220 - loadIPPluginJar : add gpio
2026-05-27 15:08:24,759 DEBUG [LineInfo_to_exitCode.log_LineInfo] 2026-05-27 15:08:24,758 [INFO] IPUIPlugin:83 - create IPUIPlugin
2026-05-27 15:08:24,760 DEBUG [LineInfo_to_exitCode.log_LineInfo] 2026-05-27 15:08:24,759 [INFO] PluginManager:220 - loadIPPluginJar : add gtzc
2026-05-27 15:08:24,762 DEBUG [LineInfo_to_exitCode.log_LineInfo] 2026-05-27 15:08:24,761 [INFO] IPUIPlugin:83 - create IPUIPlugin
2026-05-27 15:08:24,762 DEBUG [LineInfo_to_exitCode.log_LineInfo] 2026-05-27 15:08:24,761 [INFO] PluginManager:220 - loadIPPluginJar : add hash
2026-05-27 15:08:24,767 DEBUG [LineInfo_to_exitCode.log_LineInfo] 2026-05-27 15:08:24,767 [INFO] IPUIPlugin:83 - create IPUIPlugin
2026-05-27 15:08:24,767 DEBUG [LineInfo_to_exitCode.log_LineInfo] 2026-05-27 15:08:24,767 [INFO] PluginManager:220 - loadIPPluginJar : add hsp_engine
2026-05-27 15:08:24,769 DEBUG [LineInfo_to_exitCode.log_LineInfo] 2026-05-27 15:08:24,769 [INFO] IPUIPlugin:83 - create IPUIPlugin
2026-05-27 15:08:24,769 DEBUG [LineInfo_to_exitCode.log_LineInfo] 2026-05-27 15:08:24,769 [INFO] PluginManager:220 - loadIPPluginJar : add i2c
2026-05-27 15:08:24,771 DEBUG [LineInfo_to_exitCode.log_LineInfo] 2026-05-27 15:08:24,771 [INFO] IPUIPlugin:83 - create IPUIPlugin
2026-05-27 15:08:24,771 DEBUG [LineInfo_to_exitCode.log_LineInfo] 2026-05-27 15:08:24,771 [INFO] PluginManager:220 - loadIPPluginJar : add i2s
2026-05-27 15:08:24,773 DEBUG [LineInfo_to_exitCode.log_LineInfo] 2026-05-27 15:08:24,772 [INFO] IPUIPlugin:83 - create IPUIPlugin
2026-05-27 15:08:24,773 DEBUG [LineInfo_to_exitCode.log_LineInfo] 2026-05-27 15:08:24,773 [INFO] PluginManager:220 - loadIPPluginJar : add i3c
2026-05-27 15:08:24,777 DEBUG [LineInfo_to_exitCode.log_LineInfo] 2026-05-27 15:08:24,776 [INFO] IPUIPlugin:83 - create IPUIPlugin
2026-05-27 15:08:24,777 DEBUG [LineInfo_to_exitCode.log_LineInfo] 2026-05-27 15:08:24,776 [INFO] PluginManager:220 - loadIPPluginJar : add ipddr
2026-05-27 15:08:24,784 DEBUG [LineInfo_to_exitCode.log_LineInfo] 2026-05-27 15:08:24,782 [INFO] IPUIPlugin:83 - create IPUIPlugin
2026-05-27 15:08:24,784 DEBUG [LineInfo_to_exitCode.log_LineInfo] 2026-05-27 15:08:24,784 [INFO] PluginManager:220 - loadIPPluginJar : add linkedlist
2026-05-27 15:08:24,786 DEBUG [LineInfo_to_exitCode.log_LineInfo] 2026-05-27 15:08:24,786 [INFO] IPUIPlugin:83 - create IPUIPlugin
2026-05-27 15:08:24,787 DEBUG [LineInfo_to_exitCode.log_LineInfo] 2026-05-27 15:08:24,786 [INFO] PluginManager:220 - loadIPPluginJar : add lorawan
2026-05-27 15:08:24,788 DEBUG [LineInfo_to_exitCode.log_LineInfo] 2026-05-27 15:08:24,788 [INFO] IPUIPlugin:83 - create IPUIPlugin
2026-05-27 15:08:24,789 DEBUG [LineInfo_to_exitCode.log_LineInfo] 2026-05-27 15:08:24,788 [INFO] PluginManager:220 - loadIPPluginJar : add ltdc
2026-05-27 15:08:24,795 DEBUG [LineInfo_to_exitCode.log_LineInfo] 2026-05-27 15:08:24,794 [INFO] IPUIPlugin:83 - create IPUIPlugin
2026-05-27 15:08:24,795 DEBUG [LineInfo_to_exitCode.log_LineInfo] 2026-05-27 15:08:24,794 [INFO] PluginManager:220 - loadIPPluginJar : add mdma
2026-05-27 15:08:24,799 DEBUG [LineInfo_to_exitCode.log_LineInfo] 2026-05-27 15:08:24,798 [INFO] IPUIPlugin:83 - create IPUIPlugin
2026-05-27 15:08:24,799 DEBUG [LineInfo_to_exitCode.log_LineInfo] 2026-05-27 15:08:24,798 [INFO] PluginManager:220 - loadIPPluginJar : add nvic
2026-05-27 15:08:24,801 DEBUG [LineInfo_to_exitCode.log_LineInfo] 2026-05-27 15:08:24,801 [INFO] IPUIPlugin:83 - create IPUIPlugin
2026-05-27 15:08:24,801 DEBUG [LineInfo_to_exitCode.log_LineInfo] 2026-05-27 15:08:24,801 [INFO] PluginManager:220 - loadIPPluginJar : add opamp
2026-05-27 15:08:24,804 DEBUG [LineInfo_to_exitCode.log_LineInfo] 2026-05-27 15:08:24,803 [INFO] IPUIPlugin:83 - create IPUIPlugin
2026-05-27 15:08:24,804 DEBUG [LineInfo_to_exitCode.log_LineInfo] 2026-05-27 15:08:24,803 [INFO] PluginManager:220 - loadIPPluginJar : add openamp
2026-05-27 15:08:24,807 DEBUG [LineInfo_to_exitCode.log_LineInfo] 2026-05-27 15:08:24,807 [INFO] IPUIPlugin:83 - create IPUIPlugin
2026-05-27 15:08:24,807 DEBUG [LineInfo_to_exitCode.log_LineInfo] 2026-05-27 15:08:24,807 [INFO] PluginManager:220 - loadIPPluginJar : add pdm2pcm
2026-05-27 15:08:24,811 DEBUG [LineInfo_to_exitCode.log_LineInfo] 2026-05-27 15:08:24,811 [INFO] IPUIPlugin:83 - create IPUIPlugin
2026-05-27 15:08:24,813 DEBUG [LineInfo_to_exitCode.log_LineInfo] 2026-05-27 15:08:24,813 [INFO] PluginManager:220 - loadIPPluginJar : add plateformsettings
2026-05-27 15:08:24,816 DEBUG [LineInfo_to_exitCode.log_LineInfo] 2026-05-27 15:08:24,816 [INFO] IPUIPlugin:83 - create IPUIPlugin
2026-05-27 15:08:24,816 DEBUG [LineInfo_to_exitCode.log_LineInfo] 2026-05-27 15:08:24,816 [INFO] PluginManager:220 - loadIPPluginJar : add quadspi
2026-05-27 15:08:24,818 DEBUG [LineInfo_to_exitCode.log_LineInfo] 2026-05-27 15:08:24,817 [INFO] IPUIPlugin:83 - create IPUIPlugin
2026-05-27 15:08:24,818 DEBUG [LineInfo_to_exitCode.log_LineInfo] 2026-05-27 15:08:24,818 [INFO] PluginManager:220 - loadIPPluginJar : add radio
2026-05-27 15:08:24,822 DEBUG [LineInfo_to_exitCode.log_LineInfo] 2026-05-27 15:08:24,822 [INFO] IPUIPlugin:83 - create IPUIPlugin
2026-05-27 15:08:24,823 DEBUG [LineInfo_to_exitCode.log_LineInfo] 2026-05-27 15:08:24,822 [INFO] PluginManager:220 - loadIPPluginJar : add resmgrutility
2026-05-27 15:08:24,825 DEBUG [LineInfo_to_exitCode.log_LineInfo] 2026-05-27 15:08:24,824 [INFO] IPUIPlugin:83 - create IPUIPlugin
2026-05-27 15:08:24,826 DEBUG [LineInfo_to_exitCode.log_LineInfo] 2026-05-27 15:08:24,825 [INFO] PluginManager:220 - loadIPPluginJar : add sai
2026-05-27 15:08:24,827 DEBUG [LineInfo_to_exitCode.log_LineInfo] 2026-05-27 15:08:24,827 [INFO] IPUIPlugin:83 - create IPUIPlugin
2026-05-27 15:08:24,828 DEBUG [LineInfo_to_exitCode.log_LineInfo] 2026-05-27 15:08:24,827 [INFO] PluginManager:220 - loadIPPluginJar : add spi
2026-05-27 15:08:24,834 DEBUG [LineInfo_to_exitCode.log_LineInfo] 2026-05-27 15:08:24,833 [INFO] IPUIPlugin:83 - create IPUIPlugin
2026-05-27 15:08:24,834 DEBUG [LineInfo_to_exitCode.log_LineInfo] 2026-05-27 15:08:24,834 [INFO] PluginManager:220 - loadIPPluginJar : add stm32_wpan
2026-05-27 15:08:24,836 DEBUG [LineInfo_to_exitCode.log_LineInfo] 2026-05-27 15:08:24,836 [INFO] IPUIPlugin:83 - create IPUIPlugin
2026-05-27 15:08:24,836 DEBUG [LineInfo_to_exitCode.log_LineInfo] 2026-05-27 15:08:24,836 [INFO] PluginManager:220 - loadIPPluginJar : add tim
2026-05-27 15:08:24,838 DEBUG [LineInfo_to_exitCode.log_LineInfo] 2026-05-27 15:08:24,838 [INFO] IPUIPlugin:83 - create IPUIPlugin
2026-05-27 15:08:24,839 DEBUG [LineInfo_to_exitCode.log_LineInfo] 2026-05-27 15:08:24,838 [INFO] PluginManager:220 - loadIPPluginJar : add touchsensing
2026-05-27 15:08:24,840 DEBUG [LineInfo_to_exitCode.log_LineInfo] 2026-05-27 15:08:24,840 [INFO] IPUIPlugin:83 - create IPUIPlugin
2026-05-27 15:08:24,840 DEBUG [LineInfo_to_exitCode.log_LineInfo] 2026-05-27 15:08:24,840 [INFO] PluginManager:220 - loadIPPluginJar : add tracer_emb
2026-05-27 15:08:24,842 DEBUG [LineInfo_to_exitCode.log_LineInfo] 2026-05-27 15:08:24,842 [INFO] IPUIPlugin:83 - create IPUIPlugin
2026-05-27 15:08:24,843 DEBUG [LineInfo_to_exitCode.log_LineInfo] 2026-05-27 15:08:24,842 [INFO] PluginManager:220 - loadIPPluginJar : add ts
2026-05-27 15:08:24,844 DEBUG [LineInfo_to_exitCode.log_LineInfo] 2026-05-27 15:08:24,844 [INFO] IPUIPlugin:83 - create IPUIPlugin
2026-05-27 15:08:24,845 DEBUG [LineInfo_to_exitCode.log_LineInfo] 2026-05-27 15:08:24,844 [INFO] PluginManager:220 - loadIPPluginJar : add tsc
2026-05-27 15:08:24,846 DEBUG [LineInfo_to_exitCode.log_LineInfo] 2026-05-27 15:08:24,846 [INFO] IPUIPlugin:83 - create IPUIPlugin
2026-05-27 15:08:24,846 DEBUG [LineInfo_to_exitCode.log_LineInfo] 2026-05-27 15:08:24,846 [INFO] PluginManager:220 - loadIPPluginJar : add ucpd
2026-05-27 15:08:24,849 DEBUG [LineInfo_to_exitCode.log_LineInfo] 2026-05-27 15:08:24,849 [INFO] IPUIPlugin:83 - create IPUIPlugin
2026-05-27 15:08:24,849 DEBUG [LineInfo_to_exitCode.log_LineInfo] 2026-05-27 15:08:24,849 [INFO] PluginManager:220 - loadIPPluginJar : add usart
2026-05-27 15:08:24,851 DEBUG [LineInfo_to_exitCode.log_LineInfo] 2026-05-27 15:08:24,851 [INFO] IPUIPlugin:83 - create IPUIPlugin
2026-05-27 15:08:24,851 DEBUG [LineInfo_to_exitCode.log_LineInfo] 2026-05-27 15:08:24,851 [INFO] PluginManager:220 - loadIPPluginJar : add usbx
2026-05-27 15:08:24,875 DEBUG [LineInfo_to_exitCode.log_LineInfo] 2026-05-27 15:08:24,874 [INFO] Updater:1136 - Updater Version found : 6.17.0
2026-05-27 15:08:24,892 DEBUG [LineInfo_to_exitCode.log_LineInfo] 2026-05-27 15:08:24,891 [INFO] ApplicationProperties:184 - Using Application install path: D:\Program Files\STMicroelectronics\STM32Cube\STM32CubeMX
2026-05-27 15:08:26,467 DEBUG [LineInfo_to_exitCode.log_LineInfo] mx [ERROR] stderr - May 27, 2026 3:08:26 PM java.util.prefs.WindowsPreferences <init>
2026-05-27 15:08:26,468 DEBUG [LineInfo_to_exitCode.log_LineInfo] mx [ERROR] stderr - WARNING: Could not open/create prefs root node Software\JavaSoft\Prefs at root 0xffffffff80000002. Windows RegCreateKeyEx(...) returned error code 5.
2026-05-27 15:08:27,069 DEBUG [LineInfo_to_exitCode.log_LineInfo] 2026-05-27 15:08:27,069 [INFO] ThirdPartyUpdaterWithRetryManager:70 - Updater plugin not ready yet. [2/15]
2026-05-27 15:08:28,524 DEBUG [LineInfo_to_exitCode.log_LineInfo] 2026-05-27 15:08:28,523 [INFO] MainUpdater:2892 - connection check result : 22
2026-05-27 15:08:28,525 DEBUG [LineInfo_to_exitCode.log_LineInfo] 2026-05-27 15:08:28,524 [INFO] MainUpdater:289 - Updater Check For Update Now.
2026-05-27 15:08:28,525 DEBUG [LineInfo_to_exitCode.log_LineInfo] 2026-05-27 15:08:28,524 [INFO] MicroXplorer:498 - Change Database Version : DB.6.0.170
2026-05-27 15:08:28,688 DEBUG [LineInfo_to_exitCode.log_LineInfo] 2026-05-27 15:08:28,688 [INFO] RulesReader:64 - Compatibility file has been processed (323 Rules)
2026-05-27 15:08:28,701 DEBUG [LineInfo_to_exitCode.log_LineInfo] 2026-05-27 15:08:28,700 [INFO] RulesReader:64 - Compatibility file has been processed (323 Rules)
2026-05-27 15:08:28,714 DEBUG [LineInfo_to_exitCode.log_LineInfo] 2026-05-27 15:08:28,714 [INFO] CADModel:166 - CPN selected for project level
2026-05-27 15:08:28,715 DEBUG [LineInfo_to_exitCode.log_LineInfo] 2026-05-27 15:08:28,714 [INFO] CADModel:115 - Register for checkConnection events
2026-05-27 15:08:28,776 DEBUG [LineInfo_to_exitCode.log_LineInfo] 2026-05-27 15:08:28,776 [INFO] CheckServerUpdateThread:120 - End of CheckServer Thread
2026-05-27 15:08:28,947 DEBUG [LineInfo_to_exitCode.log_LineInfo] 2026-05-27 15:08:28,946 [INFO] CADModel:166 - CPN selected for project level
2026-05-27 15:08:28,947 DEBUG [LineInfo_to_exitCode.log_LineInfo] 2026-05-27 15:08:28,947 [INFO] CADModel:115 - Register for checkConnection events
2026-05-27 15:08:29,039 DEBUG [LineInfo_to_exitCode.log_LineInfo] 2026-05-27 15:08:29,038 [INFO] HomeAdPanel:117 - Auto-refresh data requested => check proxy status ongoing
2026-05-27 15:08:29,042 DEBUG [LineInfo_to_exitCode.log_LineInfo] 2026-05-27 15:08:29,042 [INFO] HomeAdPanel:138 - Proxy status is invalid, do not check for advertisement updates
2026-05-27 15:08:29,092 DEBUG [LineInfo_to_exitCode.log_LineInfo] 2026-05-27 15:08:29,092 [INFO] DbMcusAds:53 - JSON generation date=Mon Apr 27 16:14:29 HKT 2026 (1777277669924)
2026-05-27 15:08:29,103 DEBUG [LineInfo_to_exitCode.log_LineInfo] 2026-05-27 15:08:29,103 [INFO] DetailPanel:341 - Set advertising image to C:/Users/nanchang/STM32Cube/Repository/\en.prom-stm32wba2-stm32-nucleo-board-0426.png
2026-05-27 15:08:29,324 DEBUG [LineInfo_to_exitCode.log_LineInfo] 2026-05-27 15:08:29,323 [INFO] DetailPanel:341 - Set advertising image to C:/Users/nanchang/STM32Cube/Repository/\en.prom-stm32wba2-stm32-nucleo-board-0426.png
2026-05-27 15:08:29,467 DEBUG [LineInfo_to_exitCode.log_LineInfo] 2026-05-27 15:08:29,466 [INFO] MainFrame:210 - [MX] HOME_PANEL == 358787468163100
2026-05-27 15:08:29,473 DEBUG [LineInfo_to_exitCode.log_LineInfo] 2026-05-27 15:08:29,473 [INFO] MainFrame:569 - Register for checkConnection events
2026-05-27 15:08:29,492 DEBUG [LineInfo_to_exitCode.log_LineInfo] 2026-05-27 15:08:29,489 [INFO] JxBrowserEngine:153 - Initiate JxBrowser Engine with user profile folder
2026-05-27 15:08:29,589 DEBUG [LineInfo_to_exitCode.log_LineInfo] 2026-05-27 15:08:29,588 [INFO] MicroXplorer:468 - Change Database Path : 
2026-05-27 15:08:29,589 DEBUG [LineInfo_to_exitCode.log_LineInfo] 2026-05-27 15:08:29,589 [INFO] MicroXplorer:498 - Change Database Version : DB.6.0.170
2026-05-27 15:08:31,556 DEBUG [LineInfo_to_exitCode.log_LineInfo] 2026-05-27 15:08:31,556 [INFO] WebApp:108 - Instantiating new browser for Auth
2026-05-27 15:08:32,976 DEBUG [LineInfo_to_exitCode.log_LineInfo] 2026-05-27 15:08:32,976 [INFO] WebApp:239 - Apply proxy settings
2026-05-27 15:08:32,977 DEBUG [LineInfo_to_exitCode.log_LineInfo] 2026-05-27 15:08:32,976 [INFO] WebApp:311 - Chromium requires no authentication
2026-05-27 15:08:32,989 DEBUG [LineInfo_to_exitCode.log_LineInfo] 2026-05-27 15:08:32,989 [INFO] WebApp:267 - Direct internet connection detected
2026-05-27 15:08:32,995 DEBUG [LineInfo_to_exitCode.log_LineInfo] 2026-05-27 15:08:32,995 [INFO] WebApp:370 - Register for checkConnection events
2026-05-27 15:08:33,121 DEBUG [LineInfo_to_exitCode.log_LineInfo] 2026-05-27 15:08:33,121 [INFO] ThirdParty:978 - Integrity check success = true
2026-05-27 15:08:33,122 DEBUG [LineInfo_to_exitCode.log_LineInfo] 2026-05-27 15:08:33,121 [INFO] IntegrityCheckThread:100 - exiting critical section [integrity check]
2026-05-27 15:08:33,122 DEBUG [LineInfo_to_exitCode.log_LineInfo] 2026-05-27 15:08:33,121 [INFO] IntegrityCheckThread:103 - End integrity checks thread
2026-05-27 15:08:33,122 DEBUG [LineInfo_to_exitCode.log_LineInfo] 2026-05-27 15:08:33,121 [INFO] ThirdParty:873 - entering critical section [close project]
2026-05-27 15:08:33,123 DEBUG [LineInfo_to_exitCode.log_LineInfo] 2026-05-27 15:08:33,122 [INFO] ThirdParty:883 - exiting critical section [close project]
2026-05-27 15:08:33,128 DEBUG [LineInfo_to_exitCode.log_LineInfo] 2026-05-27 15:08:33,128 [INFO] PinOutPanel:1463 - setPackage(No Configuration,No Configuration)
2026-05-27 15:08:33,196 DEBUG [LineInfo_to_exitCode.log_LineInfo] 2026-05-27 15:08:33,195 [INFO] UtilMem:75 - Begin LoadConfig() Used Memory: 144936648 Bytes (230686720)
2026-05-27 15:08:33,204 DEBUG [LineInfo_to_exitCode.log_LineInfo] 2026-05-27 15:08:33,204 [INFO] MicroXplorer:468 - Change Database Path : 
2026-05-27 15:08:33,205 DEBUG [LineInfo_to_exitCode.log_LineInfo] 2026-05-27 15:08:33,204 [INFO] MicroXplorer:498 - Change Database Version : DB.6.0.170
2026-05-27 15:08:33,205 DEBUG [LineInfo_to_exitCode.log_LineInfo] 2026-05-27 15:08:33,205 [INFO] OpenFileManager:370 - Change cursor
2026-05-27 15:08:33,252 DEBUG [LineInfo_to_exitCode.log_LineInfo] 2026-05-27 15:08:33,251 [INFO] Mcu:2036 - Initializing MCU STM32F407I(E-G)Tx STM32F407IGTx 
2026-05-27 15:08:33,435 DEBUG [LineInfo_to_exitCode.log_LineInfo] 2026-05-27 15:08:33,434 [INFO] ApiDb:581 - Connected to CubeFinder SQLite database (C:\Users\nanchang\.stmcufinder\plugins\mcufinder\mcu\cube-finder-db.db)
2026-05-27 15:08:33,560 DEBUG [LineInfo_to_exitCode.log_LineInfo] 2026-05-27 15:08:33,559 [INFO] ApiDb:668 - CubeFinder database Data Model version=2.1
2026-05-27 15:08:33,560 DEBUG [LineInfo_to_exitCode.log_LineInfo] 2026-05-27 15:08:33,560 [INFO] ApiDb:669 - CubeFinder database Configuration version=3.0.42
2026-05-27 15:08:33,561 DEBUG [LineInfo_to_exitCode.log_LineInfo] 2026-05-27 15:08:33,560 [INFO] ApiDb:670 - CubeFinder database generation date=2026-05-06 (1778060171)
2026-05-27 15:08:33,561 DEBUG [LineInfo_to_exitCode.log_LineInfo] 2026-05-27 15:08:33,560 [INFO] ApiDb:671 - CubeFinder database FW Pack versions=[FP-ATR-ASTRA1_V2.0.0, FP-SNS-FLIGHT1_V5.1.0, FP-SNS-MOTENV1_V5.1.0, FP-SNS-MOTENVWB1_V1.5.0, FP-SNS-SMARTAG2_V1.2.0, FP-SNS-STBOX1_V2.1.0, STM32Cube_FW_C0_V1.4.0, STM32Cube_FW_F4_V1.28.3, STM32Cube_FW_F7_V1.17.4, STM32Cube_FW_G0_V1.6.3, STM32Cube_FW_G4_V1.6.2, STM32Cube_FW_H5_V1.6.0, STM32Cube_FW_H7RS_V1.3.0, STM32Cube_FW_H7_V1.13.0, STM32Cube_FW_L0_V1.12.2, STM32Cube_FW_L4_V1.18.2, STM32Cube_FW_L5_V1.6.0, STM32Cube_FW_N6_V1.3.0, STM32Cube_FW_U0_V1.3.0, STM32Cube_FW_U3_V1.3.0, STM32Cube_FW_U5_V1.8.0, STM32Cube_FW_WB0_V1.4.0, STM32Cube_FW_WBA_V1.9.0, STM32Cube_FW_WB_V1.24.0, STM32Cube_FW_WL3_V1.4.0, STM32Cube_FW_WL_V1.5.0, X-CUBE-ALGOBUILD_V1.4.0, X-CUBE-ALS_V1.0.2, X-CUBE-AZRTOS-F4_V1.1.0, X-CUBE-AZRTOS-F7_V1.1.0, X-CUBE-AZRTOS-G0_V1.1.0, X-CUBE-AZRTOS-G4_V2.0.0, X-CUBE-AZRTOS-H7RS_V1.1.0, X-CUBE-AZRTOS-H7_V3.5.0, X-CUBE-AZRTOS-L4_V2.0.0, X-CUBE-AZRTOS-L5_V2.0.0, X-CUBE-AZRTOS-WB_V2.0.0, X-CUBE-AZRTOS-WL_V2.0.0, X-CUBE-BLE1_V7.1.0, X-CUBE-BLE2_V3.3.0, X-CUBE-BLEMGR_V4.1.0, X-CUBE-EEPRMA1_V5.2.0, X-CUBE-FREERTOS_V1.5.0, X-CUBE-GNSS1_V6.0.0, X-CUBE-MEMS1_V12.0.0, X-CUBE-NFC4_V3.0.0, X-CUBE-NFC7_V2.0.0, X-CUBE-SFXS2LP1_V4.0.0, X-CUBE-ST67W61_V1.2.0, X-CUBE-SUBG2_V5.0.0, X-CUBE-TOF1_V3.4.3]
2026-05-27 15:08:37,259 DEBUG [LineInfo_to_exitCode.log_LineInfo] 2026-05-27 15:08:37,257 [INFO] ApiDb:240 - Found 1115 in-development CPN: [B-G473E-ZEST1S, B-WB1M-WPAN1, B-WBA5M-WPAN, B-WBA6M-WPAN, B-WL5M-SUBG1, NUCLEO-C031C6, NUCLEO-C051C8, NUCLEO-C071RB, NUCLEO-C092RC, NUCLEO-H503RB, NUCLEO-H533RE, NUCLEO-H563ZI, NUCLEO-H5E5ZJ, NUCLEO-H7S3L8, NUCLEO-U031R8, NUCLEO-U083RC, NUCLEO-U385RG-Q, NUCLEO-U3C5ZI-Q, NUCLEO-U545RE-Q, NUCLEO-U5A5ZJ-Q, NUCLEO-WB05KZ, NUCLEO-WB07CC, NUCLEO-WB09KE, NUCLEO-WBA25CE1, NUCLEO-WBA52CG, NUCLEO-WBA55CG, NUCLEO-WL3RKB1, NUCLEO-WL3RKB2, STEVAL-PROTEUS1, STEVAL-SMARTAG2, STEVAL-STWINBX1, STM320518-EVAL, STM32C0116-DK, STM32C011D6Y3TR, STM32C011D6Y6TR, STM32C011F4P3, STM32C011F4P6, STM32C011F4U3, STM32C011F4U6TR, STM32C011F6P3, STM32C011F6P6, STM32C011F6U3, STM32C011F6U6TR, STM32C011J4M3, STM32C011J4M6, STM32C011J6M3, STM32C011J6M6, STM32C0316-DK, STM32C031C4T3, STM32C031C4T6, STM32C031C4U3, STM32C031C4U6, STM32C031C6T3, STM32C031C6T6, STM32C031C6U3, STM32C031C6U6, STM32C031F4P3, STM32C031F4P6, STM32C031F6P3, STM32C031F6P6, STM32C031G4U3, STM32C031G4U6, STM32C031G6U3, STM32C031G6U6, STM32C031K4T3, STM32C031K4T6, STM32C031K4U3, STM32C031K4U6, STM32C031K6T3, STM32C031K6T6, STM32C031K6U3, STM32C031K6U6, STM32C051C6T6, STM32C051C6U6, STM32C051C8T6, STM32C051C8U6, STM32C051D8Y6TR, STM32C051F6P6, STM32C051F8P6, STM32C051G6U6, STM32C051G8U6, STM32C051K6T6, STM32C051K6U6, STM32C051K8T6, STM32C071C8T6, STM32C071C8T6N, STM32C071C8U6, STM32C071C8U6N, STM32C071CBT6, STM32C071CBT6N, STM32C071CBU6, STM32C071CBU6N, STM32C071F8P6, STM32C071F8P6N, STM32C071FBP6, STM32C071FBP6N, STM32C071FBY6TR, STM32C071G8U6, STM32C071G8U6N, STM32C071GBU6, STM32C071GBU6N, STM32C071K8T6, STM32C071K8T6N, STM32C071K8U6, STM32C071K8U6N, STM32C071KBT6, STM32C071KBT6N, STM32C071KBU6, STM32C071KBU6N, STM32C071R8T6, STM32C071R8T6N, STM32C071RBI6N, STM32C071RBT6, STM32C071RBT6N, STM32C091CBT6, STM32C091CBU6, STM32C091CCT6, STM32C091CCU6, STM32C091ECY6TR, STM32C091FBP6, STM32C091FCP6, STM32C091GBU6, STM32C091GCU6, STM32C091KBT6, STM32C091KBU6, STM32C091KCT6, STM32C091KCU6, STM32C091RBT6, STM32C091RCI6, STM32C091RCT6, STM32C092CBT6, STM32C092CBU6, STM32C092CCT6, STM32C092CCU6, STM32C092ECY6TR, STM32C092FBP6, STM32C092FCP6, STM32C092GBU6, STM32C092GCU6, STM32C092KBT6, STM32C092KBU6, STM32C092KCT6, STM32C092KCU6, STM32C092RBT6, STM32C092RCI6, STM32C092RCT6, STM32C531CBT6, STM32C531CBU6, STM32C531CCT6, STM32C531CCU6, STM32C531EBU6, STM32C531ECU6, STM32C531FBP6, STM32C531FBU6, STM32C531FCP6, STM32C531FCU6, STM32C531GBU6, STM32C531GCU6, STM32C531KBT6, STM32C531KBU6, STM32C531KCT6, STM32C531KCU6, STM32C531RBT6, STM32C531RCT6, STM32C532CBT6, STM32C532CBU6, STM32C532CCT6, STM32C532CCU6, STM32C532EBU6, STM32C532ECU6, STM32C532FBP6, STM32C532FBU6, STM32C532FCP6, STM32C532FCU6, STM32C532GBU6, STM32C532GCU6, STM32C532KBT6, STM32C532KBU6, STM32C532KCT6, STM32C532KCU6, STM32C532RBT6, STM32C532RCT6, STM32C542CCT6, STM32C542CCU6, STM32C542ECU6, STM32C542FCP6, STM32C542FCU6, STM32C542GCU6, STM32C542KCT6, STM32C542KCU6, STM32C542RCT6, STM32C591CET6, STM32C591CEU6, STM32C591CGT6, STM32C591CGU6, STM32C591KET6, STM32C591KEU6, STM32C591KGT6, STM32C591KGU6, STM32C591MET6, STM32C591MGT6, STM32C591RET6, STM32C591RGT6, STM32C591VET6, STM32C591VGT6, STM32C591ZET6, STM32C591ZGT6, STM32C593CET6, STM32C593CEU6, STM32C593CGT6, STM32C593CGU6, STM32C593KET6, STM32C593KEU6, STM32C593KGT6, STM32C593KGU6, STM32C593MET6, STM32C593MGT6, STM32C593RET6, STM32C593RGT6, STM32C593VET6, STM32C593VGT6, STM32C593ZET6, STM32C593ZGT6, STM32C5A3CGT6, STM32C5A3CGU6, STM32C5A3KGT6, STM32C5A3KGU6, STM32C5A3MGT6, STM32C5A3RGT6, STM32C5A3VGT6, STM32C5A3ZGT6, STM32F723RCV6, STM32F723REV6, STM32G071K8TXN, STM32G071K8UXN, STM32G081GBU6N, STM32G081KBT6N, STM32G081KBUXN, STM32G0B1CCT6N, STM32G0B1KCT6, STM32G0B1NEY6TR, STM32G0B1RCT6N, STM32G0C1CCT6, STM32G0C1CCT6N, STM32G0C1CCU6N, STM32G0C1CET6N, STM32G0C1CEU6N, STM32G0C1KCT6, STM32G0C1NEY6TR, STM32G0C1RCI6N, STM32G0C1RCT6N, STM32G0C1REI6N, STM32G0C1RET6N, STM32G0C1VCI6, STM32G0C1VEI6, STM32G411C6T3, STM32G411C6T6, STM32G411C6U3, STM32G411C6U6, STM32G411C8T3, STM32G411C8T6, STM32G411C8U3, STM32G411C8U6, STM32G411CBT3, STM32G411CBT6, STM32G411CBU3, STM32G411CBU6, STM32G411CCT3, STM32G411CCT6, STM32G411CCU3, STM32G411CCU6, STM32G411K6T3, STM32G411K6T6, STM32G411K6U3, STM32G411K6U6, STM32G411K8T3, STM32G411K8T6, STM32G411K8U3, STM32G411K8U6, STM32G411KBT3, STM32G411KBT6, STM32G411KBU3, STM32G411KBU6, STM32G411M6T3, STM32G411M6T6, STM32G411M8T3, STM32G411M8T6, STM32G411MBT3, STM32G411MBT6, STM32G411MCT3, STM32G411MCT6, STM32G411R6T3, STM32G411R6T6, STM32G411R8T3, STM32G411R8T6, STM32G411RBT3, STM32G411RBT6, STM32G411RCT3, STM32G411RCT6, STM32G414CBT3, STM32G414CBT6, STM32G414CBU3, STM32G414CBU6, STM32G414CCT3, STM32G414CCT6, STM32G414CCU3, STM32G414CCU6, STM32G414MBT3, STM32G414MBT6, STM32G414MCT3, STM32G414MCT6, STM32G414RBT3, STM32G414RBT6, STM32G414RCT3, STM32G414RCT6, STM32G414VBT3, STM32G414VBT6, STM32G414VCT3, STM32G414VCT6, STM32G431CBT3Z, STM32G431RBT3Z, STM32G471CCT6, STM32G471CCU6, STM32G471CET3, STM32G471CET6, STM32G471CEU3, STM32G471CEU6, STM32G471MCT6, STM32G471MET3, STM32G471MET6, STM32G471MEY6TR, STM32G471QCT6, STM32G471QET3, STM32G471RCT6, STM32G471RET3, STM32G471RET6, STM32G471VCH6, STM32G471VCI6, STM32G471VCT6, STM32G471VEH3, STM32G471VEH6, STM32G471VEI3, STM32G471VEI6, STM32G471VET3, STM32G471VET6, STM32G473QET3Z, STM32G473RET3Z, STM32G474CCT6, STM32G491RET3Z, STM32H503CBT6, STM32H503CBU6, STM32H503EBY6TR, STM32H503KBU6, STM32H503RBT6, STM32H523CCT6, STM32H523CCU6, STM32H523CET6, STM32H523CEU6, STM32H523HEY6TR, STM32H523RCT6, STM32H523RET6, STM32H523VCI6, STM32H523VCT6, STM32H523VEI6, STM32H523VET6, STM32H523ZCJ6, STM32H523ZCT6, STM32H523ZEJ6, STM32H523ZET6, STM32H533CET6, STM32H533CEU6, STM32H533HEY6TR, STM32H533RET6, STM32H533VEI6, STM32H533VET6, STM32H533ZEJ6, STM32H533ZET6, STM32H562AGI6, STM32H562AII6, STM32H562IGK6, STM32H562IGT6, STM32H562IIK6, STM32H562IIT6, STM32H562RGT6, STM32H562RGV6, STM32H562RIT6, STM32H562RIV6, STM32H562VGT6, STM32H562VIT6, STM32H562ZGT6, STM32H562ZIT6, STM32H563AGI6, STM32H563AII3Q, STM32H563AII6, STM32H563IGK6, STM32H563IGT6, STM32H563IIK3Q, STM32H563IIK6, STM32H563IIT3Q, STM32H563IIT6, STM32H563MIY3QTR, STM32H563RGT6, STM32H563RGV6, STM32H563RIT6, STM32H563RIV6, STM32H563VGT6, STM32H563VIT3Q, STM32H563VIT6, STM32H563ZGT6, STM32H563ZIT3Q, STM32H563ZIT6, STM32H573AII3Q, STM32H573AII6, STM32H573I-DK, STM32H573IIK3Q, STM32H573IIK6, STM32H573IIT3Q, STM32H573IIT6, STM32H573MIY3QTR, STM32H573RIT6, STM32H573RIV6, STM32H573VIT3Q, STM32H573VIT6, STM32H573ZIT3Q, STM32H573ZIT6, STM32H5E4AJI6, STM32H5E4AJI7Q, STM32H5E4AKI6, STM32H5E4IJK6, STM32H5E4IJK7Q, STM32H5E4IJT6, STM32H5E4IJT7Q, STM32H5E4IKK6, STM32H5E4IKT6, STM32H5E4VJT6, STM32H5E4VJT7Q, STM32H5E4VKT6, STM32H5E4ZJJ6, STM32H5E4ZJJ7Q, STM32H5E4ZJT6, STM32H5E4ZJT7Q, STM32H5E4ZKJ6, STM32H5E4ZKT6, STM32H5E5IJK7Q, STM32H5E5IJT7Q, STM32H5E5IKK7Q, STM32H5E5IKT7Q, STM32H5E5LJH7Q, STM32H5E5LKH7Q, STM32H5E5VJY7QTR, STM32H5E5VKY7QTR, STM32H5E5ZJT6, STM32H5E5ZKT6, STM32H5F4AJI6, STM32H5F4AJI7Q, STM32H5F4IJK6, STM32H5F4IJK7Q, STM32H5F4IJT6, STM32H5F4IJT7Q, STM32H5F4VJT6, STM32H5F4VJT7Q, STM32H5F4ZJJ6, STM32H5F4ZJJ7Q, STM32H5F4ZJT6, STM32H5F4ZJT7Q, STM32H5F5IJK7Q, STM32H5F5IJT7Q, STM32H5F5J-DK, STM32H5F5LJH7Q, STM32H5F5VJY7QTR, STM32H5F5ZJT6, STM32H7R3A8I6, STM32H7R3I8K6, STM32H7R3I8T6, STM32H7R3L8H6, STM32H7R3L8H6H, STM32H7R3R8V6, STM32H7R3V8H6, STM32H7R3V8T6, STM32H7R3V8Y6TR, STM32H7R3Z8J6, STM32H7R3Z8T6, STM32H7R7A8I6, STM32H7R7I8K6, STM32H7R7I8T6, STM32H7R7L8H6, STM32H7R7L8H6H, STM32H7R7Z8J6, STM32H7S3A8I6, STM32H7S3I8K6, STM32H7S3I8T6, STM32H7S3L8H6, STM32H7S3L8H6H, STM32H7S3R8V6, STM32H7S3V8H6, STM32H7S3V8T6, STM32H7S3V8Y6TR, STM32H7S3Z8J6, STM32H7S3Z8T6, STM32H7S78-DK, STM32H7S7A8I6, STM32H7S7I8K6, STM32H7S7I8T6, STM32H7S7L8H6, STM32H7S7L8H6H, STM32H7S7Z8J6, STM32L4R5QGI6STR, STM32MP131AAE3, STM32MP131AAF3, STM32MP131AAG3, STM32MP131CAE3, STM32MP131CAF3, STM32MP131CAG3, STM32MP131DAE7, STM32MP131DAF7, STM32MP131DAG7, STM32MP131FAE7, STM32MP131FAF7, STM32MP131FAG7, STM32MP133AAE3, STM32MP133AAF3, STM32MP133AAG3, STM32MP133CAE3, STM32MP133CAF3, STM32MP133CAG3, STM32MP133DAE7, STM32MP133DAF7, STM32MP133DAG7, STM32MP133FAE7, STM32MP133FAF7, STM32MP133FAG7, STM32MP135AAE3, STM32MP135AAF3, STM32MP135AAG3, STM32MP135CAE3, STM32MP135CAF3, STM32MP135CAG3, STM32MP135DAE7, STM32MP135DAF7, STM32MP135DAG7, STM32MP135F-DK, STM32MP135FAE7, STM32MP135FAF7, STM32MP135FAF7T, STM32MP135FAF7U, STM32MP135FAG7, STM32MP211AAL3, STM32MP211AAM3, STM32MP211AAN3, STM32MP211AAO3, STM32MP211CAL3, STM32MP211CAM3, STM32MP211CAN3, STM32MP211CAO3, STM32MP211DAL3, STM32MP211DAM3, STM32MP211DAN3, STM32MP211DAO3, STM32MP211FAL3, STM32MP211FAM3, STM32MP211FAN3, STM32MP211FAO3, STM32MP213AAL3, STM32MP213AAM3, STM32MP213AAN3, STM32MP213AAO3, STM32MP213CAL3, STM32MP213CAM3, STM32MP213CAN3, STM32MP213CAO3, STM32MP213DAL3, STM32MP213DAM3, STM32MP213DAN3, STM32MP213DAO3, STM32MP213FAL3, STM32MP213FAM3, STM32MP213FAN3, STM32MP213FAO3, STM32MP215AAL3, STM32MP215AAM3, STM32MP215AAN3, STM32MP215AAO3, STM32MP215CAL3, STM32MP215CAM3, STM32MP215CAN3, STM32MP215CAO3, STM32MP215DAL3, STM32MP215DAM3, STM32MP215DAN3, STM32MP215DAO3, STM32MP215F-DK, STM32MP215FAL3, STM32MP215FAM3, STM32MP215FAN3, STM32MP215FAO3, STM32MP251AAI3, STM32MP251AAJ3, STM32MP251AAK3, STM32MP251AAL3, STM32MP251CAI3, STM32MP251CAJ3, STM32MP251CAK3, STM32MP251CAL3, STM32MP251DAI3, STM32MP251DAJ3, STM32MP251DAK3, STM32MP251DAL3, STM32MP251FAI3, STM32MP251FAJ3, STM32MP251FAK3, STM32MP251FAL3, STM32MP253AAI3, STM32MP253AAJ3, STM32MP253AAK3, STM32MP253AAL3, STM32MP253CAI3, STM32MP253CAJ3, STM32MP253CAK3, STM32MP253CAL3, STM32MP253DAI3, STM32MP253DAJ3, STM32MP253DAK3, STM32MP253DAL3, STM32MP253FAI3, STM32MP253FAJ3, STM32MP253FAK3, STM32MP253FAL3, STM32MP255AAI3, STM32MP255AAJ3, STM32MP255AAK3, STM32MP255AAL3, STM32MP255CAI3, STM32MP255CAJ3, STM32MP255CAK3, STM32MP255CAL3, STM32MP255DAI3, STM32MP255DAJ3, STM32MP255DAK3, STM32MP255DAL3, STM32MP255FAI3, STM32MP255FAJ3, STM32MP255FAK3, STM32MP255FAL3, STM32MP257AAI3, STM32MP257AAJ3, STM32MP257AAK3, STM32MP257AAL3, STM32MP257CAI3, STM32MP257CAJ3, STM32MP257CAK3, STM32MP257CAL3, STM32MP257DAI3, STM32MP257DAJ3, STM32MP257DAK3, STM32MP257DAL3, STM32MP257F-DK, STM32MP257F-EV1, STM32MP257FAI3, STM32MP257FAJ3, STM32MP257FAK3, STM32MP257FAL3, STM32N645A0H3Q, STM32N645A0H3QG, STM32N645B0H3Q, STM32N645I0H3Q, STM32N645L0H3Q, STM32N645X0H3Q, STM32N645Z0H3Q, STM32N647A0H3Q, STM32N647A0H3QG, STM32N655A0H3Q, STM32N655A0H3QG, STM32N655B0H3Q, STM32N655I0H3Q, STM32N655L0H3Q, STM32N655X0H3Q, STM32N655Z0H3Q, STM32U031C6T6, STM32U031C6U6, STM32U031C8T6, STM32U031C8U6, STM32U031F4P6, STM32U031F6P6, STM32U031F8P6, STM32U031G6Y6TR, STM32U031G8Y6TR, STM32U031K4U6, STM32U031K6U6, STM32U031K8U6, STM32U031R6I6, STM32U031R6T6, STM32U031R8I6, STM32U031R8T6, STM32U073C8T6, STM32U073C8U6, STM32U073CBT6, STM32U073CBU6, STM32U073CCT6, STM32U073CCU6, STM32U073H8Y6TR, STM32U073HBY6TR, STM32U073HCY6TR, STM32U073K8U6, STM32U073KBU6, STM32U073KCU6, STM32U073M8I6, STM32U073M8T6, STM32U073MBI6, STM32U073MBT6, STM32U073MCI6, STM32U073MCT6, STM32U073R8I6, STM32U073R8T6, STM32U073RBI6, STM32U073RBT6, STM32U073RCI6, STM32U073RCT6, STM32U083C-DK, STM32U083CCT6, STM32U083CCU6, STM32U083HCY6TR, STM32U083KCU6, STM32U083MCI6, STM32U083MCT6, STM32U083RCI6, STM32U083RCT6, STM32U375CET6, STM32U375CET6Q, STM32U375CEU6, STM32U375CEU6Q, STM32U375CEY6QTR, STM32U375CGT6, STM32U375CGT6Q, STM32U375CGU6, STM32U375CGU6Q, STM32U375CGY6QTR, STM32U375KEU6, STM32U375KGU6, STM32U375REI6, STM32U375REI6Q, STM32U375RET6, STM32U375RET6Q, STM32U375REY6GTR, STM32U375REY6QTR, STM32U375RGI6Q, STM32U375RGT6Q, STM32U375RGY6GTR, STM32U375RGY6QTR, STM32U375VEI6, STM32U375VEI6Q, STM32U375VET6, STM32U375VET6Q, STM32U375VGI6Q, STM32U375VGT6Q, STM32U385CGT6, STM32U385CGT6Q, STM32U385CGU6, STM32U385CGU6Q, STM32U385CGY6QTR, STM32U385KGU6, STM32U385RGI6, STM32U385RGI6Q, STM32U385RGT6, STM32U385RGT6Q, STM32U385RGY6GTR, STM32U385RGY6QTR, STM32U385VGI6, STM32U385VGI6Q, STM32U385VGT6, STM32U385VGT6Q, STM32U3B5CGT6, STM32U3B5CGT6Q, STM32U3B5CGU6, STM32U3B5CGU6Q, STM32U3B5CIT6, STM32U3B5CIT6Q, STM32U3B5CIU6, STM32U3B5CIU6Q, STM32U3B5JGY6QTR, STM32U3B5JIY6QTR, STM32U3B5QGI6, STM32U3B5QGI6Q, STM32U3B5QII6, STM32U3B5QII6Q, STM32U3B5RGT6, STM32U3B5RGT6Q, STM32U3B5RIT6, STM32U3B5RIT6Q, STM32U3B5VGT6, STM32U3B5VGT6Q, STM32U3B5VGY6QTR, STM32U3B5VIT6, STM32U3B5VIT6Q, STM32U3B5VIY6QTR, STM32U3B5WGY6QTR, STM32U3B5WIY6QTR, STM32U3B5ZGT6, STM32U3B5ZGT6Q, STM32U3B5ZIT6, STM32U3B5ZIT6Q, STM32U3C5CIT6, STM32U3C5CIT6Q, STM32U3C5CIU6, STM32U3C5CIU6Q, STM32U3C5JIY6QTR, STM32U3C5QII6, STM32U3C5QII6Q, STM32U3C5RIT6, STM32U3C5RIT6Q, STM32U3C5VIT6, STM32U3C5VIT6Q, STM32U3C5VIY6QTR, STM32U3C5WIY6QTR, STM32U3C5ZIT6, STM32U3C5ZIT6Q, STM32U535CBT6, STM32U535CBT6Q, STM32U535CBU6, STM32U535CBU6Q, STM32U535CCT6, STM32U535CCT6Q, STM32U535CCU6, STM32U535CCU6Q, STM32U535CET6, STM32U535CET6Q, STM32U535CEU6, STM32U535CEU6Q, STM32U535JEY6QTR, STM32U535NCY6QTR, STM32U535NEY6QTR, STM32U535RBI6, STM32U535RBI6Q, STM32U535RBT6, STM32U535RBT6Q, STM32U535RCI6, STM32U535RCI6Q, STM32U535RCT6, STM32U535RCT6Q, STM32U535REI6, STM32U535REI6Q, STM32U535RET6, STM32U535RET6Q, STM32U535VCI6, STM32U535VCI6Q, STM32U535VCT6, STM32U535VCT6Q, STM32U535VEI6, STM32U535VEI6Q, STM32U535VET6, STM32U535VET6Q, STM32U545CET6, STM32U545CET6Q, STM32U545CEU6, STM32U545CEU6Q, STM32U545JEY6QTR, STM32U545NEY6QTR, STM32U545REI6, STM32U545REI6Q, STM32U545RET6, STM32U545RET6Q, STM32U545VEI6, STM32U545VEI6Q, STM32U545VET6, STM32U545VET6Q, STM32U595AIH6, STM32U595AIH6Q, STM32U595AJH6, STM32U595AJH6Q, STM32U595QII6, STM32U595QII6Q, STM32U595QJI6, STM32U595QJI6Q, STM32U595RIT6, STM32U595RIT6Q, STM32U595RJT6, STM32U595RJT6Q, STM32U595VIT6, STM32U595VIT6Q, STM32U595VJT6, STM32U595VJT6Q, STM32U595ZIT6, STM32U595ZIT6Q, STM32U595ZIY6QTR, STM32U595ZJT6, STM32U595ZJT6Q, STM32U595ZJY6QTR, STM32U599BJY6QTR, STM32U599NIH6Q, STM32U599NJH6Q, STM32U599VIT6Q, STM32U599VJT6, STM32U599VJT6Q, STM32U599ZIT6Q, STM32U599ZIY6QTR, STM32U599ZJT6Q, STM32U599ZJY6QTR, STM32U5A5AJH6, STM32U5A5AJH6Q, STM32U5A5QII3Q, STM32U5A5QJI6, STM32U5A5QJI6Q, STM32U5A5RJT6, STM32U5A5RJT6Q, STM32U5A5VJT6, STM32U5A5VJT6Q, STM32U5A5ZJT6, STM32U5A5ZJT6Q, STM32U5A5ZJY6QTR, STM32U5A9BJY6QTR, STM32U5A9J-DK, STM32U5A9NJH6Q, STM32U5A9VJT6Q, STM32U5A9ZJT6Q, STM32U5A9ZJY6QTR, STM32U5F7VIT6, STM32U5F7VIT6Q, STM32U5F7VJT6, STM32U5F7VJT6Q, STM32U5F9BJY6QTR, STM32U5F9NJH6Q, STM32U5F9VIT6Q, STM32U5F9VJT6Q, STM32U5F9ZIJ6QTR, STM32U5F9ZIT6Q, STM32U5F9ZJJ6QTR, STM32U5F9ZJT6Q, STM32U5G7VJT6, STM32U5G7VJT6Q, STM32U5G9BJY6QTR, STM32U5G9J-DK1, STM32U5G9J-DK2, STM32U5G9NJH6Q, STM32U5G9VJT6Q, STM32U5G9ZJJ6QTR, STM32U5G9ZJT6Q, STM32V863AII3, STM32V863AII6, STM32V863AJI3, STM32V863AJI6, STM32V863IIK3, STM32V863IIK6, STM32V863IIT3, STM32V863IIT6, STM32V863IJK3, STM32V863IJK6, STM32V863IJT3, STM32V863IJT6, STM32V863RIV3, STM32V863RIV6, STM32V863RJV3, STM32V863RJV6, STM32V863VIH3, STM32V863VIH6, STM32V863VIT3, STM32V863VIT6, STM32V863VJH3, STM32V863VJH6, STM32V863VJT3, STM32V863VJT6, STM32V863XIH3, STM32V863XIH6, STM32V863XJH3, STM32V863XJH6, STM32V863ZIT3, STM32V863ZIT6, STM32V863ZJT3, STM32V863ZJT6, STM32V873AII3, STM32V873AII6, STM32V873AJI3, STM32V873AJI6, STM32V873IIK3, STM32V873IIK6, STM32V873IIT3, STM32V873IIT6, STM32V873IJK3, STM32V873IJK6, STM32V873IJT3, STM32V873IJT6, STM32V873RIV3, STM32V873RIV6, STM32V873RJV3, STM32V873RJV6, STM32V873VIH3, STM32V873VIH6, STM32V873VIT3, STM32V873VIT6, STM32V873VJH3, STM32V873VJH6, STM32V873VJT3, STM32V873VJT6, STM32V873XIH3, STM32V873XIH6, STM32V873XJH3, STM32V873XJH6, STM32V873ZIT3, STM32V873ZIT6, STM32V873ZJT3, STM32V873ZJT6, STM32WB05KZV6TR, STM32WB05KZV7TR, STM32WB05TZF6TR, STM32WB05TZF7TR, STM32WB06CCF6TR, STM32WB06CCF7TR, STM32WB06CCV6TR, STM32WB06CCV7TR, STM32WB06KCV6TR, STM32WB06KCV7TR, STM32WB07CCF6TR, STM32WB07CCF7TR, STM32WB07CCV6TR, STM32WB07CCV7TR, STM32WB07KCV6TR, STM32WB07KCV7TR, STM32WB09KEV6TR, STM32WB09KEV7TR, STM32WB09TEF6TR, STM32WB09TEF7TR, STM32WB1MMCH6, STM32WBA23CEU6, STM32WBA23CEU6TR, STM32WBA23CEU7, STM32WBA23CEU7TR, STM32WBA23KEU6, STM32WBA23KEU6TR, STM32WBA23KEU7, STM32WBA23KEU7TR, STM32WBA25CEU6, STM32WBA25CEU6TR, STM32WBA25CEU7, STM32WBA25CEU7TR, STM32WBA25HEF6, STM32WBA25HEF6TR, STM32WBA25HEF7, STM32WBA25HEF7TR, STM32WBA50KGU6, STM32WBA50KGU6TR, STM32WBA52CEU6, STM32WBA52CEU6TR, STM32WBA52CEU7, STM32WBA52CEU7TR, STM32WBA52CGU6, STM32WBA52CGU6TR, STM32WBA52CGU6U, STM32WBA52CGU7, STM32WBA52CGU7TR, STM32WBA52KEU6, STM32WBA52KEU6TR, STM32WBA52KGU6, STM32WBA52KGU6TR, STM32WBA54CEU6, STM32WBA54CEU6TR, STM32WBA54CEU7, STM32WBA54CEU7TR, STM32WBA54CGU6, STM32WBA54CGU6TR, STM32WBA54CGU7, STM32WBA54CGU7TR, STM32WBA54KEU6, STM32WBA54KEU6TR, STM32WBA54KEU7, STM32WBA54KEU7TR, STM32WBA54KGU6, STM32WBA54KGU6TR, STM32WBA54KGU7, STM32WBA54KGU7TR, STM32WBA55CEU6, STM32WBA55CEU6TR, STM32WBA55CEU7, STM32WBA55CEU7TR, STM32WBA55CGU6, STM32WBA55CGU6TR, STM32WBA55CGU6U, STM32WBA55CGU7, STM32WBA55CGU7TR, STM32WBA55G-DK1, STM32WBA55HEF6, STM32WBA55HEF7, STM32WBA55HGF6, STM32WBA55HGF7, STM32WBA55UEI6, STM32WBA55UEI6TR, STM32WBA55UEI7, STM32WBA55UEI7TR, STM32WBA55UGI6, STM32WBA55UGI6TR, STM32WBA55UGI7, STM32WBA55UGI7TR, STM32WBA62MGF6, STM32WBA62MIF6, STM32WBA62PII6, STM32WBA65MGF7, STM32WBA65MIF6, STM32WBA65MIF7, STM32WBA6MOIH6, STM32WL30K8V6, STM32WL30KBV6, STM32WL31C8V6, STM32WL31CBV6, STM32WL31K8V6, STM32WL31KBV6, STM32WL33C8V6X, STM32WL33CBV6X, STM32WL33CCV6X, STM32WL33K8V7X, STM32WL33KBV7X, STM32WL33KCV7X, STM32WL3RK8V6, STM32WL3RK8V6X, STM32WL3RKBV6, STM32WL3RKBV6X, STM32WL5MOCH6, STM32WL5MOCH6STR, STM32WL5MOCH6TR]
2026-05-27 15:08:37,265 DEBUG [LineInfo_to_exitCode.log_LineInfo] 2026-05-27 15:08:37,264 [INFO] DbMcus:218 - Found 5153 MCUs, 5035 are supported
2026-05-27 15:08:37,267 DEBUG [LineInfo_to_exitCode.log_LineInfo] 2026-05-27 15:08:37,266 [INFO] ApiDb:423 - Load user favorites file C:\Users\nanchang/.stm32cubemx/favorites.mcus.txt: 3 item(s)
2026-05-27 15:08:37,267 DEBUG [LineInfo_to_exitCode.log_LineInfo] 2026-05-27 15:08:37,267 [INFO] ApiDb:427 - User favorites MCUs=[STM32F103C8T6, STM32F407IGT6, STM32F407ZGT6]
2026-05-27 15:08:37,267 DEBUG [LineInfo_to_exitCode.log_LineInfo] 2026-05-27 15:08:37,267 [INFO] DbMcus:224 - Set 3 / 3 favorites MCUs
2026-05-27 15:08:37,982 DEBUG [LineInfo_to_exitCode.log_LineInfo] 2026-05-27 15:08:37,981 [INFO] Mcu:2051 - No CPN specified => set CPN to STM32F407IGT6
2026-05-27 15:08:40,377 DEBUG [LineInfo_to_exitCode.log_LineInfo] 2026-05-27 15:08:40,376 [INFO] Context:783 - Trying to add GPIOservice into a context  which must be forbidden
2026-05-27 15:08:41,515 DEBUG [LineInfo_to_exitCode.log_LineInfo] 2026-05-27 15:08:41,515 [INFO] ImportTextPane:234 - (OptionalMessage_ERROR) Unable to find key (Mcu.ThirdPartyNb) in loaded IOC file
2026-05-27 15:08:41,526 DEBUG [LineInfo_to_exitCode.log_LineInfo] 2026-05-27 15:08:41,525 [INFO] ImportTextPane:234 - (OptionalMessage_ERROR) Pin21 (VP_RIF_VS_RIF1) cannot be retrieved for this MCU
2026-05-27 15:08:41,755 DEBUG [LineInfo_to_exitCode.log_LineInfo] 2026-05-27 15:08:41,754 [INFO] RtosManager:561 - Registered RTOS mode: class=CMSIS, group=RTOS, mode=CMSIS_V1, owner=FREERTOS
2026-05-27 15:08:41,755 DEBUG [LineInfo_to_exitCode.log_LineInfo] 2026-05-27 15:08:41,755 [INFO] RtosManager:561 - Registered RTOS mode: class=CMSIS, group=RTOS2, mode=CMSIS_V2, owner=FREERTOS
2026-05-27 15:08:41,756 DEBUG [LineInfo_to_exitCode.log_LineInfo] 2026-05-27 15:08:41,755 [INFO] RtosManager:561 - Registered RTOS mode: class=RTOS, group=Core, mode=CMSIS_V1, owner=FREERTOS
2026-05-27 15:08:41,756 DEBUG [LineInfo_to_exitCode.log_LineInfo] 2026-05-27 15:08:41,755 [INFO] RtosManager:561 - Registered RTOS mode: class=RTOS, group=Core, mode=CMSIS_V2, owner=FREERTOS
2026-05-27 15:08:42,328 DEBUG [LineInfo_to_exitCode.log_LineInfo] 2026-05-27 15:08:42,327 [INFO] ThirdPartyModel:298 - Start build external matchings
2026-05-27 15:08:44,798 DEBUG [LineInfo_to_exitCode.log_LineInfo] 2026-05-27 15:08:44,797 [INFO] ThirdPartyModel:316 - End build external matchings
2026-05-27 15:08:44,938 DEBUG [LineInfo_to_exitCode.log_LineInfo] 2026-05-27 15:08:44,937 [INFO] ImportTextPane:234 - (OptionalMessage_ERROR) IP (ADC1) : Invalid parameter (EnableInjectedConversion)
2026-05-27 15:08:44,946 DEBUG [LineInfo_to_exitCode.log_LineInfo] 2026-05-27 15:08:44,941 [INFO] ImportTextPane:234 - (OptionalMessage_ERROR) IP (ADC1) : Invalid parameter (EnableRegularConversion)
2026-05-27 15:08:44,947 DEBUG [LineInfo_to_exitCode.log_LineInfo] 2026-05-27 15:08:44,942 [INFO] ImportTextPane:234 - (OptionalMessage_ERROR) IP (ADC1) : Invalid parameter (OffsetNumber)
2026-05-27 15:08:44,947 DEBUG [LineInfo_to_exitCode.log_LineInfo] 2026-05-27 15:08:44,945 [INFO] ImportTextPane:234 - (OptionalMessage_ERROR) IP (ADC2) : Invalid parameter (EnableInjectedConversion)
2026-05-27 15:08:44,951 DEBUG [LineInfo_to_exitCode.log_LineInfo] 2026-05-27 15:08:44,949 [INFO] ImportTextPane:234 - (OptionalMessage_ERROR) IP (ADC2) : Invalid parameter (EnableRegularConversion)
2026-05-27 15:08:44,951 DEBUG [LineInfo_to_exitCode.log_LineInfo] 2026-05-27 15:08:44,951 [INFO] ImportTextPane:234 - (OptionalMessage_ERROR) IP (DMA) : Parameter (Instance) has Id (USART1_RX) currently not set
2026-05-27 15:08:44,952 DEBUG [LineInfo_to_exitCode.log_LineInfo] 2026-05-27 15:08:44,951 [INFO] ImportTextPane:234 - (OptionalMessage_ERROR) IP (DMA) : Parameter (Channel) has Id (USART1_RX) currently not set
2026-05-27 15:08:44,952 DEBUG [LineInfo_to_exitCode.log_LineInfo] 2026-05-27 15:08:44,951 [INFO] ImportTextPane:234 - (OptionalMessage_ERROR) IP (DMA) : Parameter (Direction) has Id (USART1_RX) currently not set
2026-05-27 15:08:44,952 DEBUG [LineInfo_to_exitCode.log_LineInfo] 2026-05-27 15:08:44,952 [INFO] ImportTextPane:234 - (OptionalMessage_ERROR) IP (DMA) : Parameter (PeriphInc) has Id (USART1_RX) currently not set
2026-05-27 15:08:44,956 DEBUG [LineInfo_to_exitCode.log_LineInfo] 2026-05-27 15:08:44,952 [INFO] ImportTextPane:234 - (OptionalMessage_ERROR) IP (DMA) : Parameter (MemInc) has Id (USART1_RX) currently not set
2026-05-27 15:08:44,957 DEBUG [LineInfo_to_exitCode.log_LineInfo] 2026-05-27 15:08:44,952 [INFO] ImportTextPane:234 - (OptionalMessage_ERROR) IP (DMA) : Parameter (PeriphDataAlignment) has Id (USART1_RX) currently not set
2026-05-27 15:08:44,958 DEBUG [LineInfo_to_exitCode.log_LineInfo] 2026-05-27 15:08:44,953 [INFO] ImportTextPane:234 - (OptionalMessage_ERROR) IP (DMA) : Parameter (MemDataAlignment) has Id (USART1_RX) currently not set
2026-05-27 15:08:44,958 DEBUG [LineInfo_to_exitCode.log_LineInfo] 2026-05-27 15:08:44,953 [INFO] ImportTextPane:234 - (OptionalMessage_ERROR) IP (DMA) : Parameter (Mode) has Id (USART1_RX) currently not set
2026-05-27 15:08:44,958 DEBUG [LineInfo_to_exitCode.log_LineInfo] 2026-05-27 15:08:44,953 [INFO] ImportTextPane:234 - (OptionalMessage_ERROR) IP (DMA) : Parameter (Priority) has Id (USART1_RX) currently not set
2026-05-27 15:08:44,962 DEBUG [LineInfo_to_exitCode.log_LineInfo] 2026-05-27 15:08:44,954 [INFO] ImportTextPane:234 - (OptionalMessage_ERROR) IP (DMA) : Parameter (Instance) has Id (USART1_TX) currently not set
2026-05-27 15:08:44,962 DEBUG [LineInfo_to_exitCode.log_LineInfo] 2026-05-27 15:08:44,954 [INFO] ImportTextPane:234 - (OptionalMessage_ERROR) IP (DMA) : Parameter (Channel) has Id (USART1_TX) currently not set
2026-05-27 15:08:44,963 DEBUG [LineInfo_to_exitCode.log_LineInfo] 2026-05-27 15:08:44,954 [INFO] ImportTextPane:234 - (OptionalMessage_ERROR) IP (DMA) : Parameter (Direction) has Id (USART1_TX) currently not set
2026-05-27 15:08:44,964 DEBUG [LineInfo_to_exitCode.log_LineInfo] 2026-05-27 15:08:44,954 [INFO] ImportTextPane:234 - (OptionalMessage_ERROR) IP (DMA) : Parameter (PeriphInc) has Id (USART1_TX) currently not set
2026-05-27 15:08:44,965 DEBUG [LineInfo_to_exitCode.log_LineInfo] 2026-05-27 15:08:44,954 [INFO] ImportTextPane:234 - (OptionalMessage_ERROR) IP (DMA) : Parameter (MemInc) has Id (USART1_TX) currently not set
2026-05-27 15:08:44,965 DEBUG [LineInfo_to_exitCode.log_LineInfo] 2026-05-27 15:08:44,955 [INFO] ImportTextPane:234 - (OptionalMessage_ERROR) IP (DMA) : Parameter (PeriphDataAlignment) has Id (USART1_TX) currently not set
2026-05-27 15:08:44,965 DEBUG [LineInfo_to_exitCode.log_LineInfo] 2026-05-27 15:08:44,955 [INFO] ImportTextPane:234 - (OptionalMessage_ERROR) IP (DMA) : Parameter (MemDataAlignment) has Id (USART1_TX) currently not set
2026-05-27 15:08:44,965 DEBUG [LineInfo_to_exitCode.log_LineInfo] 2026-05-27 15:08:44,955 [INFO] ImportTextPane:234 - (OptionalMessage_ERROR) IP (DMA) : Parameter (Mode) has Id (USART1_TX) currently not set
2026-05-27 15:08:44,967 DEBUG [LineInfo_to_exitCode.log_LineInfo] 2026-05-27 15:08:44,955 [INFO] ImportTextPane:234 - (OptionalMessage_ERROR) IP (DMA) : Parameter (Priority) has Id (USART1_TX) currently not set
2026-05-27 15:08:45,279 DEBUG [LineInfo_to_exitCode.log_LineInfo] 2026-05-27 15:08:45,278 [INFO] ImportTextPane:234 - (OptionalMessage_ERROR) IP (MotorControl) : Invalid parameter (ADC_AHBPERIPH)
2026-05-27 15:08:45,280 DEBUG [LineInfo_to_exitCode.log_LineInfo] 2026-05-27 15:08:45,280 [INFO] ImportTextPane:234 - (OptionalMessage_ERROR) IP (MotorControl) : Invalid parameter (BUS_VOLTAGE_READING)
2026-05-27 15:08:45,281 DEBUG [LineInfo_to_exitCode.log_LineInfo] 2026-05-27 15:08:45,281 [INFO] ImportTextPane:234 - (OptionalMessage_ERROR) IP (MotorControl) : Invalid parameter (CCMRAM_ENABLED)
2026-05-27 15:08:45,282 DEBUG [LineInfo_to_exitCode.log_LineInfo] 2026-05-27 15:08:45,281 [INFO] ImportTextPane:234 - (OptionalMessage_ERROR) IP (MotorControl) : Invalid parameter (CLOCK_FREQUENCY)
2026-05-27 15:08:45,282 DEBUG [LineInfo_to_exitCode.log_LineInfo] 2026-05-27 15:08:45,282 [INFO] ImportTextPane:234 - (OptionalMessage_ERROR) IP (MotorControl) : Invalid parameter (CLOCK_SOURCE)
2026-05-27 15:08:45,283 DEBUG [LineInfo_to_exitCode.log_LineInfo] 2026-05-27 15:08:45,283 [INFO] ImportTextPane:234 - (OptionalMessage_ERROR) IP (MotorControl) : Invalid parameter (CPU_CLK_168_MHZ)
2026-05-27 15:08:45,284 DEBUG [LineInfo_to_exitCode.log_LineInfo] 2026-05-27 15:08:45,284 [INFO] ImportTextPane:234 - (OptionalMessage_ERROR) IP (MotorControl) : Invalid parameter (CURR_SAMPLING_TIME)
2026-05-27 15:08:45,285 DEBUG [LineInfo_to_exitCode.log_LineInfo] 2026-05-27 15:08:45,284 [INFO] ImportTextPane:234 - (OptionalMessage_ERROR) IP (MotorControl) : Invalid parameter (CURRENT_READING_TOPOLOGY)
2026-05-27 15:08:45,285 DEBUG [LineInfo_to_exitCode.log_LineInfo] 2026-05-27 15:08:45,285 [INFO] ImportTextPane:234 - (OptionalMessage_ERROR) IP (MotorControl) : Invalid parameter (DRIVE_TYPE)
2026-05-27 15:08:45,285 DEBUG [LineInfo_to_exitCode.log_LineInfo] 2026-05-27 15:08:45,285 [INFO] ImportTextPane:234 - (OptionalMessage_ERROR) IP (MotorControl) : Invalid parameter (DRIVES_NUMBER_SELECTION)
2026-05-27 15:08:45,287 DEBUG [LineInfo_to_exitCode.log_LineInfo] 2026-05-27 15:08:45,287 [INFO] ImportTextPane:234 - (OptionalMessage_ERROR) IP (MotorControl) : Invalid parameter (EN_DRIVER_GPIO_PIN)
2026-05-27 15:08:45,287 DEBUG [LineInfo_to_exitCode.log_LineInfo] 2026-05-27 15:08:45,287 [INFO] ImportTextPane:234 - (OptionalMessage_ERROR) IP (MotorControl) : Invalid parameter (EN_DRIVER_GPIO_PORT)
2026-05-27 15:08:45,288 DEBUG [LineInfo_to_exitCode.log_LineInfo] 2026-05-27 15:08:45,287 [INFO] ImportTextPane:234 - (OptionalMessage_ERROR) IP (MotorControl) : Invalid parameter (EN_DRIVER_POLARITY)
2026-05-27 15:08:45,288 DEBUG [LineInfo_to_exitCode.log_LineInfo] 2026-05-27 15:08:45,287 [INFO] ImportTextPane:234 - (OptionalMessage_ERROR) IP (MotorControl) : Invalid parameter (ENC_A_GPIO_PIN)
2026-05-27 15:08:45,288 DEBUG [LineInfo_to_exitCode.log_LineInfo] 2026-05-27 15:08:45,287 [INFO] ImportTextPane:234 - (OptionalMessage_ERROR) IP (MotorControl) : Invalid parameter (ENC_A_GPIO_PORT)
2026-05-27 15:08:45,288 DEBUG [LineInfo_to_exitCode.log_LineInfo] 2026-05-27 15:08:45,287 [INFO] ImportTextPane:234 - (OptionalMessage_ERROR) IP (MotorControl) : Invalid parameter (ENC_B_GPIO_PIN)
2026-05-27 15:08:45,289 DEBUG [LineInfo_to_exitCode.log_LineInfo] 2026-05-27 15:08:45,288 [INFO] ImportTextPane:234 - (OptionalMessage_ERROR) IP (MotorControl) : Invalid parameter (ENC_B_GPIO_PORT)
2026-05-27 15:08:45,289 DEBUG [LineInfo_to_exitCode.log_LineInfo] 2026-05-27 15:08:45,288 [INFO] ImportTextPane:234 - (OptionalMessage_ERROR) IP (MotorControl) : Invalid parameter (ENC_ICx_FILTER)
2026-05-27 15:08:45,289 DEBUG [LineInfo_to_exitCode.log_LineInfo] 2026-05-27 15:08:45,288 [INFO] ImportTextPane:234 - (OptionalMessage_ERROR) IP (MotorControl) : Invalid parameter (ENC_INVERT_SPEED)
2026-05-27 15:08:45,289 DEBUG [LineInfo_to_exitCode.log_LineInfo] 2026-05-27 15:08:45,288 [INFO] ImportTextPane:234 - (OptionalMessage_ERROR) IP (MotorControl) : Invalid parameter (ENC_TIMER_SELECTION)
2026-05-27 15:08:45,290 DEBUG [LineInfo_to_exitCode.log_LineInfo] 2026-05-27 15:08:45,289 [INFO] ImportTextPane:234 - (OptionalMessage_ERROR) IP (MotorControl) : Invalid parameter (ENC_USE_CH3)
2026-05-27 15:08:45,290 DEBUG [LineInfo_to_exitCode.log_LineInfo] 2026-05-27 15:08:45,289 [INFO] ImportTextPane:234 - (OptionalMessage_ERROR) IP (MotorControl) : Invalid parameter (ENCODER)
2026-05-27 15:08:45,290 DEBUG [LineInfo_to_exitCode.log_LineInfo] 2026-05-27 15:08:45,289 [INFO] ImportTextPane:234 - (OptionalMessage_ERROR) IP (MotorControl) : Invalid parameter (ENCODER_AVAILABLE)
2026-05-27 15:08:45,290 DEBUG [LineInfo_to_exitCode.log_LineInfo] 2026-05-27 15:08:45,289 [INFO] ImportTextPane:234 - (OptionalMessage_ERROR) IP (MotorControl) : Invalid parameter (ENCODER_PPR)
2026-05-27 15:08:45,291 DEBUG [LineInfo_to_exitCode.log_LineInfo] 2026-05-27 15:08:45,290 [INFO] ImportTextPane:234 - (OptionalMessage_ERROR) IP (MotorControl) : Invalid parameter (EXT_CLK_8_MHZ)
2026-05-27 15:08:45,291 DEBUG [LineInfo_to_exitCode.log_LineInfo] 2026-05-27 15:08:45,290 [INFO] ImportTextPane:234 - (OptionalMessage_ERROR) IP (MotorControl) : Invalid parameter (EXT_CLOCK_FREQUENCY)
2026-05-27 15:08:45,291 DEBUG [LineInfo_to_exitCode.log_LineInfo] 2026-05-27 15:08:45,290 [INFO] ImportTextPane:234 - (OptionalMessage_ERROR) IP (MotorControl) : Invalid parameter (FEEDBACK_NET_FILTERING)
2026-05-27 15:08:45,292 DEBUG [LineInfo_to_exitCode.log_LineInfo] 2026-05-27 15:08:45,290 [INFO] ImportTextPane:234 - (OptionalMessage_ERROR) IP (MotorControl) : Invalid parameter (FLASH_SIZE)
2026-05-27 15:08:45,292 DEBUG [LineInfo_to_exitCode.log_LineInfo] 2026-05-27 15:08:45,290 [INFO] ImportTextPane:234 - (OptionalMessage_ERROR) IP (MotorControl) : Invalid parameter (HALL_SENSORS_AVAILABLE)
2026-05-27 15:08:45,292 DEBUG [LineInfo_to_exitCode.log_LineInfo] 2026-05-27 15:08:45,290 [INFO] ImportTextPane:234 - (OptionalMessage_ERROR) IP (MotorControl) : Invalid parameter (HW_COMPLEMENTED_LOW_SIDE)
2026-05-27 15:08:45,293 DEBUG [LineInfo_to_exitCode.log_LineInfo] 2026-05-27 15:08:45,290 [INFO] ImportTextPane:234 - (OptionalMessage_ERROR) IP (MotorControl) : Invalid parameter (HW_DEAD_TIME_NS)
2026-05-27 15:08:45,293 DEBUG [LineInfo_to_exitCode.log_LineInfo] 2026-05-27 15:08:45,291 [INFO] ImportTextPane:234 - (OptionalMessage_ERROR) IP (MotorControl) : Invalid parameter (HWV_CS)
2026-05-27 15:08:45,293 DEBUG [LineInfo_to_exitCode.log_LineInfo] 2026-05-27 15:08:45,291 [INFO] ImportTextPane:234 - (OptionalMessage_ERROR) IP (MotorControl) : Invalid parameter (HWV_PWM)
2026-05-27 15:08:45,294 DEBUG [LineInfo_to_exitCode.log_LineInfo] 2026-05-27 15:08:45,292 [INFO] ImportTextPane:234 - (OptionalMessage_ERROR) IP (MotorControl) : Invalid parameter (IPs)
2026-05-27 15:08:45,294 DEBUG [LineInfo_to_exitCode.log_LineInfo] 2026-05-27 15:08:45,292 [INFO] ImportTextPane:234 - (OptionalMessage_ERROR) IP (MotorControl) : Invalid parameter (LOW_SIDE_SIGNALS_ENABLING)
2026-05-27 15:08:45,294 DEBUG [LineInfo_to_exitCode.log_LineInfo] 2026-05-27 15:08:45,293 [INFO] ImportTextPane:234 - (OptionalMessage_ERROR) IP (MotorControl) : Invalid parameter (M1_COMMUTATION_STEP_TIME_BUF_SIZE)
2026-05-27 15:08:45,295 DEBUG [LineInfo_to_exitCode.log_LineInfo] 2026-05-27 15:08:45,294 [INFO] ImportTextPane:234 - (OptionalMessage_ERROR) IP (MotorControl) : Invalid parameter (M1_CURRENT_AMPLIFICATION_TOPO)
2026-05-27 15:08:45,295 DEBUG [LineInfo_to_exitCode.log_LineInfo] 2026-05-27 15:08:45,295 [INFO] ImportTextPane:234 - (OptionalMessage_ERROR) IP (MotorControl) : Invalid parameter (M1_DC_CURRENT_RS_MEAS)
2026-05-27 15:08:45,295 DEBUG [LineInfo_to_exitCode.log_LineInfo] 2026-05-27 15:08:45,295 [INFO] ImportTextPane:234 - (OptionalMessage_ERROR) IP (MotorControl) : Invalid parameter (M1_ENC_A_GPIO_PIN)
2026-05-27 15:08:45,297 DEBUG [LineInfo_to_exitCode.log_LineInfo] 2026-05-27 15:08:45,297 [INFO] ImportTextPane:234 - (OptionalMessage_ERROR) IP (MotorControl) : Invalid parameter (M1_ENC_A_GPIO_PORT)
2026-05-27 15:08:45,297 DEBUG [LineInfo_to_exitCode.log_LineInfo] 2026-05-27 15:08:45,297 [INFO] ImportTextPane:234 - (OptionalMessage_ERROR) IP (MotorControl) : Invalid parameter (M1_ENC_B_GPIO_PIN)
2026-05-27 15:08:45,298 DEBUG [LineInfo_to_exitCode.log_LineInfo] 2026-05-27 15:08:45,297 [INFO] ImportTextPane:234 - (OptionalMessage_ERROR) IP (MotorControl) : Invalid parameter (M1_ENC_B_GPIO_PORT)
2026-05-27 15:08:45,298 DEBUG [LineInfo_to_exitCode.log_LineInfo] 2026-05-27 15:08:45,297 [INFO] ImportTextPane:234 - (OptionalMessage_ERROR) IP (MotorControl) : Invalid parameter (M1_ENC_TIMER_IRQ)
2026-05-27 15:08:45,299 DEBUG [LineInfo_to_exitCode.log_LineInfo] 2026-05-27 15:08:45,298 [INFO] ImportTextPane:234 - (OptionalMessage_ERROR) IP (MotorControl) : Invalid parameter (M1_ENC_USE_CH3)
2026-05-27 15:08:45,299 DEBUG [LineInfo_to_exitCode.log_LineInfo] 2026-05-27 15:08:45,298 [INFO] ImportTextPane:234 - (OptionalMessage_ERROR) IP (MotorControl) : Invalid parameter (M1_HIGH_SIDE_IDLE_STATE)
2026-05-27 15:08:45,300 DEBUG [LineInfo_to_exitCode.log_LineInfo] 2026-05-27 15:08:45,298 [INFO] ImportTextPane:234 - (OptionalMessage_ERROR) IP (MotorControl) : Invalid parameter (M1_LOW_SIDE_IDLE_STATE)
2026-05-27 15:08:45,300 DEBUG [LineInfo_to_exitCode.log_LineInfo] 2026-05-27 15:08:45,300 [INFO] ImportTextPane:234 - (OptionalMessage_ERROR) IP (MotorControl) : Parameter (M1_PWM_CHARGE_BOOT_CAP_DUTY_CYCLES) has invalid value (0.000)
2026-05-27 15:08:45,301 DEBUG [LineInfo_to_exitCode.log_LineInfo] 2026-05-27 15:08:45,301 [INFO] ImportTextPane:234 - (OptionalMessage_ERROR) IP (MotorControl) : Invalid parameter (M1_PWM_TIMER_BRK_IRQ)
2026-05-27 15:08:45,302 DEBUG [LineInfo_to_exitCode.log_LineInfo] 2026-05-27 15:08:45,301 [INFO] ImportTextPane:234 - (OptionalMessage_ERROR) IP (MotorControl) : Invalid parameter (M1_PWM_TIMER_UP_IRQ)
2026-05-27 15:08:45,303 DEBUG [LineInfo_to_exitCode.log_LineInfo] 2026-05-27 15:08:45,302 [INFO] ImportTextPane:234 - (OptionalMessage_ERROR) IP (MotorControl) : Invalid parameter (M1_SPD_DIFFERENTIAL_TERM_ENABLING)
2026-05-27 15:08:45,304 DEBUG [LineInfo_to_exitCode.log_LineInfo] 2026-05-27 15:08:45,304 [INFO] ImportTextPane:234 - (OptionalMessage_ERROR) IP (MotorControl) : Invalid parameter (MAX_READABLE_CURRENT)
2026-05-27 15:08:45,305 DEBUG [LineInfo_to_exitCode.log_LineInfo] 2026-05-27 15:08:45,304 [INFO] ImportTextPane:234 - (OptionalMessage_ERROR) IP (MotorControl) : Invalid parameter (MC_WORKBENCH_VERSION)
2026-05-27 15:08:45,309 DEBUG [LineInfo_to_exitCode.log_LineInfo] 2026-05-27 15:08:45,309 [INFO] ImportTextPane:234 - (OptionalMessage_ERROR) IP (MotorControl) : Invalid parameter (MCU)
2026-05-27 15:08:45,312 DEBUG [LineInfo_to_exitCode.log_LineInfo] 2026-05-27 15:08:45,311 [INFO] ImportTextPane:234 - (OptionalMessage_ERROR) IP (MotorControl) : Invalid parameter (MCU_FAMILY)
2026-05-27 15:08:45,312 DEBUG [LineInfo_to_exitCode.log_LineInfo] 2026-05-27 15:08:45,312 [INFO] ImportTextPane:234 - (OptionalMessage_ERROR) IP (MotorControl) : Invalid parameter (MCU_LINE)
2026-05-27 15:08:45,313 DEBUG [LineInfo_to_exitCode.log_LineInfo] 2026-05-27 15:08:45,313 [INFO] ImportTextPane:234 - (OptionalMessage_ERROR) IP (MotorControl) : Invalid parameter (MCU_PACKAGE)
2026-05-27 15:08:45,313 DEBUG [LineInfo_to_exitCode.log_LineInfo] 2026-05-27 15:08:45,313 [INFO] ImportTextPane:234 - (OptionalMessage_ERROR) IP (MotorControl) : Invalid parameter (MCU_TYPE)
2026-05-27 15:08:45,313 DEBUG [LineInfo_to_exitCode.log_LineInfo] 2026-05-27 15:08:45,313 [INFO] ImportTextPane:234 - (OptionalMessage_ERROR) IP (MotorControl) : Invalid parameter (MCU_USERNAME)
2026-05-27 15:08:45,314 DEBUG [LineInfo_to_exitCode.log_LineInfo] 2026-05-27 15:08:45,314 [INFO] ImportTextPane:234 - (OptionalMessage_ERROR) IP (MotorControl) : Invalid parameter (MOTOR_TYPE)
2026-05-27 15:08:45,314 DEBUG [LineInfo_to_exitCode.log_LineInfo] 2026-05-27 15:08:45,314 [INFO] ImportTextPane:234 - (OptionalMessage_ERROR) IP (MotorControl) : Invalid parameter (ON_OVER_VOLTAGE)
2026-05-27 15:08:45,316 DEBUG [LineInfo_to_exitCode.log_LineInfo] 2026-05-27 15:08:45,314 [INFO] ImportTextPane:234 - (OptionalMessage_ERROR) IP (MotorControl) : Invalid parameter (OV_VOLTAGE_PROT_ENABLING)
2026-05-27 15:08:45,316 DEBUG [LineInfo_to_exitCode.log_LineInfo] 2026-05-27 15:08:45,314 [INFO] ImportTextPane:234 - (OptionalMessage_ERROR) IP (MotorControl) : Invalid parameter (PHASE_U_CURR_ADC)
2026-05-27 15:08:45,316 DEBUG [LineInfo_to_exitCode.log_LineInfo] 2026-05-27 15:08:45,316 [INFO] ImportTextPane:234 - (OptionalMessage_ERROR) IP (MotorControl) : Invalid parameter (PHASE_U_GPIO_PIN)
2026-05-27 15:08:45,316 DEBUG [LineInfo_to_exitCode.log_LineInfo] 2026-05-27 15:08:45,316 [INFO] ImportTextPane:234 - (OptionalMessage_ERROR) IP (MotorControl) : Invalid parameter (PHASE_U_GPIO_PORT)
2026-05-27 15:08:45,317 DEBUG [LineInfo_to_exitCode.log_LineInfo] 2026-05-27 15:08:45,316 [INFO] ImportTextPane:234 - (OptionalMessage_ERROR) IP (MotorControl) : Invalid parameter (PHASE_U_PWM_CHANNEL)
2026-05-27 15:08:45,317 DEBUG [LineInfo_to_exitCode.log_LineInfo] 2026-05-27 15:08:45,316 [INFO] ImportTextPane:234 - (OptionalMessage_ERROR) IP (MotorControl) : Invalid parameter (PHASE_UH_GPIO_PIN)
2026-05-27 15:08:45,317 DEBUG [LineInfo_to_exitCode.log_LineInfo] 2026-05-27 15:08:45,316 [INFO] ImportTextPane:234 - (OptionalMessage_ERROR) IP (MotorControl) : Invalid parameter (PHASE_UH_GPIO_PORT)
2026-05-27 15:08:45,318 DEBUG [LineInfo_to_exitCode.log_LineInfo] 2026-05-27 15:08:45,317 [INFO] ImportTextPane:234 - (OptionalMessage_ERROR) IP (MotorControl) : Invalid parameter (PHASE_UL_GPIO_PIN)
2026-05-27 15:08:45,318 DEBUG [LineInfo_to_exitCode.log_LineInfo] 2026-05-27 15:08:45,317 [INFO] ImportTextPane:234 - (OptionalMessage_ERROR) IP (MotorControl) : Invalid parameter (PHASE_UL_GPIO_PORT)
2026-05-27 15:08:45,319 DEBUG [LineInfo_to_exitCode.log_LineInfo] 2026-05-27 15:08:45,317 [INFO] ImportTextPane:234 - (OptionalMessage_ERROR) IP (MotorControl) : Parameter (PHASE_UL_POLARITY) has invalid value (L_ACTIVE_HIGH)
2026-05-27 15:08:45,319 DEBUG [LineInfo_to_exitCode.log_LineInfo] 2026-05-27 15:08:45,317 [INFO] ImportTextPane:234 - (OptionalMessage_ERROR) IP (MotorControl) : Invalid parameter (PHASE_V_CURR_ADC)
2026-05-27 15:08:45,319 DEBUG [LineInfo_to_exitCode.log_LineInfo] 2026-05-27 15:08:45,318 [INFO] ImportTextPane:234 - (OptionalMessage_ERROR) IP (MotorControl) : Invalid parameter (PHASE_V_GPIO_PIN)
2026-05-27 15:08:45,319 DEBUG [LineInfo_to_exitCode.log_LineInfo] 2026-05-27 15:08:45,318 [INFO] ImportTextPane:234 - (OptionalMessage_ERROR) IP (MotorControl) : Invalid parameter (PHASE_V_GPIO_PORT)
2026-05-27 15:08:45,320 DEBUG [LineInfo_to_exitCode.log_LineInfo] 2026-05-27 15:08:45,318 [INFO] ImportTextPane:234 - (OptionalMessage_ERROR) IP (MotorControl) : Invalid parameter (PHASE_V_PWM_CHANNEL)
2026-05-27 15:08:45,320 DEBUG [LineInfo_to_exitCode.log_LineInfo] 2026-05-27 15:08:45,318 [INFO] ImportTextPane:234 - (OptionalMessage_ERROR) IP (MotorControl) : Invalid parameter (PHASE_V_S_CURR_ADC)
2026-05-27 15:08:45,320 DEBUG [LineInfo_to_exitCode.log_LineInfo] 2026-05-27 15:08:45,318 [INFO] ImportTextPane:234 - (OptionalMessage_ERROR) IP (MotorControl) : Invalid parameter (PHASE_V_S_CURR_CHANNEL)
2026-05-27 15:08:45,320 DEBUG [LineInfo_to_exitCode.log_LineInfo] 2026-05-27 15:08:45,318 [INFO] ImportTextPane:234 - (OptionalMessage_ERROR) IP (MotorControl) : Invalid parameter (PHASE_V_S_GPIO_PIN)
2026-05-27 15:08:45,321 DEBUG [LineInfo_to_exitCode.log_LineInfo] 2026-05-27 15:08:45,319 [INFO] ImportTextPane:234 - (OptionalMessage_ERROR) IP (MotorControl) : Invalid parameter (PHASE_V_S_GPIO_PORT)
2026-05-27 15:08:45,321 DEBUG [LineInfo_to_exitCode.log_LineInfo] 2026-05-27 15:08:45,319 [INFO] ImportTextPane:234 - (OptionalMessage_ERROR) IP (MotorControl) : Invalid parameter (PHASE_VH_GPIO_PIN)
2026-05-27 15:08:45,321 DEBUG [LineInfo_to_exitCode.log_LineInfo] 2026-05-27 15:08:45,319 [INFO] ImportTextPane:234 - (OptionalMessage_ERROR) IP (MotorControl) : Invalid parameter (PHASE_VH_GPIO_PORT)
2026-05-27 15:08:45,322 DEBUG [LineInfo_to_exitCode.log_LineInfo] 2026-05-27 15:08:45,319 [INFO] ImportTextPane:234 - (OptionalMessage_ERROR) IP (MotorControl) : Invalid parameter (PHASE_VL_GPIO_PIN)
2026-05-27 15:08:45,322 DEBUG [LineInfo_to_exitCode.log_LineInfo] 2026-05-27 15:08:45,319 [INFO] ImportTextPane:234 - (OptionalMessage_ERROR) IP (MotorControl) : Invalid parameter (PHASE_VL_GPIO_PORT)
2026-05-27 15:08:45,322 DEBUG [LineInfo_to_exitCode.log_LineInfo] 2026-05-27 15:08:45,319 [INFO] ImportTextPane:234 - (OptionalMessage_ERROR) IP (MotorControl) : Parameter (PHASE_VL_POLARITY) has invalid value (L_ACTIVE_HIGH)
2026-05-27 15:08:45,322 DEBUG [LineInfo_to_exitCode.log_LineInfo] 2026-05-27 15:08:45,319 [INFO] ImportTextPane:234 - (OptionalMessage_ERROR) IP (MotorControl) : Invalid parameter (PHASE_W_CURR_ADC)
2026-05-27 15:08:45,323 DEBUG [LineInfo_to_exitCode.log_LineInfo] 2026-05-27 15:08:45,320 [INFO] ImportTextPane:234 - (OptionalMessage_ERROR) IP (MotorControl) : Invalid parameter (PHASE_W_GPIO_PIN)
2026-05-27 15:08:45,323 DEBUG [LineInfo_to_exitCode.log_LineInfo] 2026-05-27 15:08:45,320 [INFO] ImportTextPane:234 - (OptionalMessage_ERROR) IP (MotorControl) : Invalid parameter (PHASE_W_GPIO_PORT)
2026-05-27 15:08:45,324 DEBUG [LineInfo_to_exitCode.log_LineInfo] 2026-05-27 15:08:45,320 [INFO] ImportTextPane:234 - (OptionalMessage_ERROR) IP (MotorControl) : Invalid parameter (PHASE_W_PWM_CHANNEL)
2026-05-27 15:08:45,324 DEBUG [LineInfo_to_exitCode.log_LineInfo] 2026-05-27 15:08:45,320 [INFO] ImportTextPane:234 - (OptionalMessage_ERROR) IP (MotorControl) : Invalid parameter (PHASE_WH_GPIO_PIN)
2026-05-27 15:08:45,325 DEBUG [LineInfo_to_exitCode.log_LineInfo] 2026-05-27 15:08:45,321 [INFO] ImportTextPane:234 - (OptionalMessage_ERROR) IP (MotorControl) : Invalid parameter (PHASE_WH_GPIO_PORT)
2026-05-27 15:08:45,325 DEBUG [LineInfo_to_exitCode.log_LineInfo] 2026-05-27 15:08:45,323 [INFO] ImportTextPane:234 - (OptionalMessage_ERROR) IP (MotorControl) : Invalid parameter (PHASE_WL_GPIO_PIN)
2026-05-27 15:08:45,326 DEBUG [LineInfo_to_exitCode.log_LineInfo] 2026-05-27 15:08:45,326 [INFO] ImportTextPane:234 - (OptionalMessage_ERROR) IP (MotorControl) : Invalid parameter (PHASE_WL_GPIO_PORT)
2026-05-27 15:08:45,332 DEBUG [LineInfo_to_exitCode.log_LineInfo] 2026-05-27 15:08:45,331 [INFO] ImportTextPane:234 - (OptionalMessage_ERROR) IP (MotorControl) : Parameter (PHASE_WL_POLARITY) has invalid value (L_ACTIVE_HIGH)
2026-05-27 15:08:45,333 DEBUG [LineInfo_to_exitCode.log_LineInfo] 2026-05-27 15:08:45,333 [INFO] ImportTextPane:234 - (OptionalMessage_ERROR) IP (MotorControl) : Invalid parameter (POTENTIOMETER_READING)
2026-05-27 15:08:45,334 DEBUG [LineInfo_to_exitCode.log_LineInfo] 2026-05-27 15:08:45,334 [INFO] ImportTextPane:234 - (OptionalMessage_ERROR) IP (MotorControl) : Invalid parameter (PWM_FREQUENCY)
2026-05-27 15:08:45,335 DEBUG [LineInfo_to_exitCode.log_LineInfo] 2026-05-27 15:08:45,334 [INFO] ImportTextPane:234 - (OptionalMessage_ERROR) IP (MotorControl) : Invalid parameter (PWM_TIMER_SELECTION)
2026-05-27 15:08:45,335 DEBUG [LineInfo_to_exitCode.log_LineInfo] 2026-05-27 15:08:45,335 [INFO] ImportTextPane:234 - (OptionalMessage_ERROR) IP (MotorControl) : Invalid parameter (R_BRAKE_SWITCH_OFF_THRES_V)
2026-05-27 15:08:45,336 DEBUG [LineInfo_to_exitCode.log_LineInfo] 2026-05-27 15:08:45,336 [INFO] ImportTextPane:234 - (OptionalMessage_ERROR) IP (MotorControl) : Invalid parameter (REGULATION_EXECUTION_RATE)
2026-05-27 15:08:45,336 DEBUG [LineInfo_to_exitCode.log_LineInfo] 2026-05-27 15:08:45,336 [INFO] ImportTextPane:234 - (OptionalMessage_ERROR) IP (MotorControl) : Invalid parameter (SINGLEDRIVE)
2026-05-27 15:08:45,337 DEBUG [LineInfo_to_exitCode.log_LineInfo] 2026-05-27 15:08:45,336 [INFO] ImportTextPane:234 - (OptionalMessage_ERROR) IP (MotorControl) : Invalid parameter (SPD_DIFFERENTIAL_TERM_ENABLING)
2026-05-27 15:08:45,337 DEBUG [LineInfo_to_exitCode.log_LineInfo] 2026-05-27 15:08:45,336 [INFO] ImportTextPane:234 - (OptionalMessage_ERROR) IP (MotorControl) : Invalid parameter (SPEED_SENSOR_SELECTION)
2026-05-27 15:08:45,338 DEBUG [LineInfo_to_exitCode.log_LineInfo] 2026-05-27 15:08:45,336 [INFO] ImportTextPane:234 - (OptionalMessage_ERROR) IP (MotorControl) : Invalid parameter (START_STOP_GPIO_IRQ)
2026-05-27 15:08:45,338 DEBUG [LineInfo_to_exitCode.log_LineInfo] 2026-05-27 15:08:45,337 [INFO] ImportTextPane:234 - (OptionalMessage_ERROR) IP (MotorControl) : Invalid parameter (START_STOP_POLARITY)
2026-05-27 15:08:45,339 DEBUG [LineInfo_to_exitCode.log_LineInfo] 2026-05-27 15:08:45,338 [INFO] ImportTextPane:234 - (OptionalMessage_ERROR) IP (MotorControl) : Invalid parameter (START_STOP_POLARITY_EDGE)
2026-05-27 15:08:45,339 DEBUG [LineInfo_to_exitCode.log_LineInfo] 2026-05-27 15:08:45,339 [INFO] ImportTextPane:234 - (OptionalMessage_ERROR) IP (MotorControl) : Invalid parameter (STM32F407IG)
2026-05-27 15:08:45,340 DEBUG [LineInfo_to_exitCode.log_LineInfo] 2026-05-27 15:08:45,340 [INFO] ImportTextPane:234 - (OptionalMessage_ERROR) IP (MotorControl) : Invalid parameter (SW_DEADTIME_NS)
2026-05-27 15:08:45,341 DEBUG [LineInfo_to_exitCode.log_LineInfo] 2026-05-27 15:08:45,340 [INFO] ImportTextPane:234 - (OptionalMessage_ERROR) IP (MotorControl) : Invalid parameter (TEMPERATURE_READING)
2026-05-27 15:08:45,341 DEBUG [LineInfo_to_exitCode.log_LineInfo] 2026-05-27 15:08:45,340 [INFO] ImportTextPane:234 - (OptionalMessage_ERROR) IP (MotorControl) : Invalid parameter (TFDIFFERENTIAL_TERM_ENABLING)
2026-05-27 15:08:45,341 DEBUG [LineInfo_to_exitCode.log_LineInfo] 2026-05-27 15:08:45,341 [INFO] ImportTextPane:234 - (OptionalMessage_ERROR) IP (MotorControl) : Invalid parameter (TRISE_NS)
2026-05-27 15:08:45,342 DEBUG [LineInfo_to_exitCode.log_LineInfo] 2026-05-27 15:08:45,341 [INFO] ImportTextPane:234 - (OptionalMessage_ERROR) IP (MotorControl) : Invalid parameter (USART_RX_GPIO_PIN)
2026-05-27 15:08:45,342 DEBUG [LineInfo_to_exitCode.log_LineInfo] 2026-05-27 15:08:45,342 [INFO] ImportTextPane:234 - (OptionalMessage_ERROR) IP (MotorControl) : Invalid parameter (USART_RX_GPIO_PORT)
2026-05-27 15:08:45,343 DEBUG [LineInfo_to_exitCode.log_LineInfo] 2026-05-27 15:08:45,342 [INFO] ImportTextPane:234 - (OptionalMessage_ERROR) IP (MotorControl) : Invalid parameter (USART_SELECTION)
2026-05-27 15:08:45,343 DEBUG [LineInfo_to_exitCode.log_LineInfo] 2026-05-27 15:08:45,343 [INFO] ImportTextPane:234 - (OptionalMessage_ERROR) IP (MotorControl) : Invalid parameter (USART_SPEED)
2026-05-27 15:08:45,345 DEBUG [LineInfo_to_exitCode.log_LineInfo] 2026-05-27 15:08:45,344 [INFO] ImportTextPane:234 - (OptionalMessage_ERROR) IP (MotorControl) : Invalid parameter (USART_TX_GPIO_PIN)
2026-05-27 15:08:45,345 DEBUG [LineInfo_to_exitCode.log_LineInfo] 2026-05-27 15:08:45,345 [INFO] ImportTextPane:234 - (OptionalMessage_ERROR) IP (MotorControl) : Invalid parameter (USART_TX_GPIO_PORT)
2026-05-27 15:08:45,347 DEBUG [LineInfo_to_exitCode.log_LineInfo] 2026-05-27 15:08:45,346 [INFO] ImportTextPane:234 - (OptionalMessage_ERROR) IP (MotorControl) : Invalid parameter (USE_3OPAMPS)
2026-05-27 15:08:45,347 DEBUG [LineInfo_to_exitCode.log_LineInfo] 2026-05-27 15:08:45,347 [INFO] ImportTextPane:234 - (OptionalMessage_ERROR) IP (MotorControl) : Invalid parameter (USE_INTERNAL_OPAMP)
2026-05-27 15:08:45,348 DEBUG [LineInfo_to_exitCode.log_LineInfo] 2026-05-27 15:08:45,347 [INFO] ImportTextPane:234 - (OptionalMessage_ERROR) IP (MotorControl) : Invalid parameter (UV_VOLTAGE_PROT_ENABLING)
2026-05-27 15:08:45,348 DEBUG [LineInfo_to_exitCode.log_LineInfo] 2026-05-27 15:08:45,347 [INFO] ImportTextPane:234 - (OptionalMessage_ERROR) IP (MotorControl) : Invalid parameter (VBUS_ADC)
2026-05-27 15:08:45,349 DEBUG [LineInfo_to_exitCode.log_LineInfo] 2026-05-27 15:08:45,348 [INFO] ImportTextPane:234 - (OptionalMessage_ERROR) IP (MotorControl) : Invalid parameter (VBUS_ADC_SAMPLING_TIME)
2026-05-27 15:08:45,349 DEBUG [LineInfo_to_exitCode.log_LineInfo] 2026-05-27 15:08:45,348 [INFO] ImportTextPane:234 - (OptionalMessage_ERROR) IP (MotorControl) : Invalid parameter (VBUS_CHANNEL)
2026-05-27 15:08:45,349 DEBUG [LineInfo_to_exitCode.log_LineInfo] 2026-05-27 15:08:45,348 [INFO] ImportTextPane:234 - (OptionalMessage_ERROR) IP (MotorControl) : Invalid parameter (VBUS_GPIO_PIN)
2026-05-27 15:08:45,350 DEBUG [LineInfo_to_exitCode.log_LineInfo] 2026-05-27 15:08:45,348 [INFO] ImportTextPane:234 - (OptionalMessage_ERROR) IP (MotorControl) : Invalid parameter (VBUS_GPIO_PORT)
2026-05-27 15:08:45,350 DEBUG [LineInfo_to_exitCode.log_LineInfo] 2026-05-27 15:08:45,349 [INFO] ImportTextPane:234 - (OptionalMessage_ERROR) IP (MotorControl) : Invalid parameter (WB_MX_HEAPSIZE)
2026-05-27 15:08:45,350 DEBUG [LineInfo_to_exitCode.log_LineInfo] 2026-05-27 15:08:45,349 [INFO] ImportTextPane:234 - (OptionalMessage_ERROR) IP (MotorControl) : Invalid parameter (WB_MX_STACKSIZE)
2026-05-27 15:08:45,350 DEBUG [LineInfo_to_exitCode.log_LineInfo] 2026-05-27 15:08:45,349 [INFO] ImportTextPane:234 - (OptionalMessage_ERROR) IP (MotorControl) : Invalid parameter (WB_MX_TRUSTZONE_AVAILABLE)
2026-05-27 15:08:45,350 DEBUG [LineInfo_to_exitCode.log_LineInfo] 2026-05-27 15:08:45,350 [INFO] ImportTextPane:234 - (OptionalMessage_ERROR) IP (MotorControl) : Invalid parameter (WB_to_Mx_template_version)
2026-05-27 15:08:45,351 DEBUG [LineInfo_to_exitCode.log_LineInfo] 2026-05-27 15:08:45,350 [INFO] ImportTextPane:234 - (OptionalMessage_ERROR) IP (MotorControl) : Invalid parameter (WB_to_Mx_version)
2026-05-27 15:08:45,351 DEBUG [LineInfo_to_exitCode.log_LineInfo] 2026-05-27 15:08:45,350 [INFO] ImportTextPane:234 - (OptionalMessage_ERROR) IP (MotorControl) : Invalid parameter (WB_UI_CUTOFF_FREQUENCY)
2026-05-27 15:08:45,351 DEBUG [LineInfo_to_exitCode.log_LineInfo] 2026-05-27 15:08:45,350 [INFO] ImportTextPane:234 - (OptionalMessage_ERROR) IP (MotorControl) : Invalid parameter (WB_UI_ENCODER_HAS_INDEX_PIN)
2026-05-27 15:08:45,352 DEBUG [LineInfo_to_exitCode.log_LineInfo] 2026-05-27 15:08:45,350 [INFO] ImportTextPane:234 - (OptionalMessage_ERROR) IP (MotorControl) : Invalid parameter (WB_UI_FLUX_TARGET)
2026-05-27 15:08:45,352 DEBUG [LineInfo_to_exitCode.log_LineInfo] 2026-05-27 15:08:45,350 [INFO] ImportTextPane:234 - (OptionalMessage_ERROR) IP (MotorControl) : Invalid parameter (WB_UI_FRICTION)
2026-05-27 15:08:45,352 DEBUG [LineInfo_to_exitCode.log_LineInfo] 2026-05-27 15:08:45,350 [INFO] ImportTextPane:234 - (OptionalMessage_ERROR) IP (MotorControl) : Invalid parameter (WB_UI_INERTIA)
2026-05-27 15:08:45,352 DEBUG [LineInfo_to_exitCode.log_LineInfo] 2026-05-27 15:08:45,351 [INFO] ImportTextPane:234 - (OptionalMessage_ERROR) IP (MotorControl) : Invalid parameter (WB_UI_MAGNETIC_STRUCTURE)
2026-05-27 15:08:45,352 DEBUG [LineInfo_to_exitCode.log_LineInfo] 2026-05-27 15:08:45,351 [INFO] ImportTextPane:234 - (OptionalMessage_ERROR) IP (MotorControl) : Invalid parameter (WB_UI_MAX_CURRENT)
2026-05-27 15:08:45,352 DEBUG [LineInfo_to_exitCode.log_LineInfo] 2026-05-27 15:08:45,351 [INFO] ImportTextPane:234 - (OptionalMessage_ERROR) IP (MotorControl) : Invalid parameter (WB_UI_MAX_NOMINAL_DC_VOLTAGE)
2026-05-27 15:08:45,352 DEBUG [LineInfo_to_exitCode.log_LineInfo] 2026-05-27 15:08:45,351 [INFO] ImportTextPane:234 - (OptionalMessage_ERROR) IP (MotorControl) : Invalid parameter (WB_UI_MAX_PWMFREQUENCY)
2026-05-27 15:08:45,352 DEBUG [LineInfo_to_exitCode.log_LineInfo] 2026-05-27 15:08:45,352 [INFO] ImportTextPane:234 - (OptionalMessage_ERROR) IP (MotorControl) : Invalid parameter (WB_UI_MOTOR_DESCRIPTION)
2026-05-27 15:08:45,352 DEBUG [LineInfo_to_exitCode.log_LineInfo] 2026-05-27 15:08:45,352 [INFO] ImportTextPane:234 - (OptionalMessage_ERROR) IP (MotorControl) : Invalid parameter (WB_UI_PW_BOARD_MAX_RATED_CURRENT)
2026-05-27 15:08:45,352 DEBUG [LineInfo_to_exitCode.log_LineInfo] 2026-05-27 15:08:45,352 [INFO] ImportTextPane:234 - (OptionalMessage_ERROR) IP (MotorControl) : Invalid parameter (WB_UI_PW_BOARD_MAX_VOLTAGE)
2026-05-27 15:08:45,353 DEBUG [LineInfo_to_exitCode.log_LineInfo] 2026-05-27 15:08:45,352 [INFO] ImportTextPane:234 - (OptionalMessage_ERROR) IP (MotorControl) : Invalid parameter (WB_UI_PW_BOARD_MIN_VOLTAGE)
2026-05-27 15:08:45,353 DEBUG [LineInfo_to_exitCode.log_LineInfo] 2026-05-27 15:08:45,352 [INFO] ImportTextPane:234 - (OptionalMessage_ERROR) IP (MotorControl) : Invalid parameter (WB_UI_VPOL)
2026-05-27 15:08:45,353 DEBUG [LineInfo_to_exitCode.log_LineInfo] 2026-05-27 15:08:45,352 [INFO] ImportTextPane:234 - (OptionalMessage_ERROR) IP (RCC) : Parameter (48MHZClocksFreq_Value) has invalid value (84000000)
2026-05-27 15:08:45,353 DEBUG [LineInfo_to_exitCode.log_LineInfo] 2026-05-27 15:08:45,353 [INFO] ImportTextPane:234 - (OptionalMessage_ERROR) IP (RCC) : Parameter (RTCHSEDivFreq_Value) has invalid value (4000000)
2026-05-27 15:08:46,669 DEBUG [LineInfo_to_exitCode.log_LineInfo] 2026-05-27 15:08:46,668 [INFO] UtilMem:75 - End LoadConfig() Used Memory: 250543560 Bytes (471859200)
2026-05-27 15:08:47,021 DEBUG [LineInfo_to_exitCode.log_LineInfo] 2026-05-27 15:08:47,021 [INFO] ThirdParty:835 - entering critical section [change project]
2026-05-27 15:08:47,022 DEBUG [LineInfo_to_exitCode.log_LineInfo] 2026-05-27 15:08:47,021 [INFO] ThirdParty:1030 - CMSIS Pack Vendor :STMicroelectronics X-CUBE-AZRTOS-H7 3.5.0
2026-05-27 15:08:47,022 DEBUG [LineInfo_to_exitCode.log_LineInfo] 2026-05-27 15:08:47,021 [INFO] ThirdParty:1030 - CMSIS Pack Vendor :STMicroelectronics X-CUBE-PM33A1 1.0.0
2026-05-27 15:08:47,022 DEBUG [LineInfo_to_exitCode.log_LineInfo] 2026-05-27 15:08:47,022 [INFO] ThirdParty:1030 - CMSIS Pack Vendor :STMicroelectronics USBPD 4.1
2026-05-27 15:08:47,022 DEBUG [LineInfo_to_exitCode.log_LineInfo] 2026-05-27 15:08:47,022 [INFO] ThirdParty:1030 - CMSIS Pack Vendor :STMicroelectronics USB_HOST 2.0.0
2026-05-27 15:08:47,022 DEBUG [LineInfo_to_exitCode.log_LineInfo] 2026-05-27 15:08:47,022 [INFO] ThirdParty:1030 - CMSIS Pack Vendor :STMicroelectronics FP-SNS-MOTENVWB1 1.4.0
2026-05-27 15:08:47,022 DEBUG [LineInfo_to_exitCode.log_LineInfo] 2026-05-27 15:08:47,022 [INFO] ThirdParty:1030 - CMSIS Pack Vendor :STMicroelectronics X-CUBE-AZRTOS-F4 1.1.0
2026-05-27 15:08:47,024 DEBUG [LineInfo_to_exitCode.log_LineInfo] 2026-05-27 15:08:47,022 [INFO] ThirdParty:1030 - CMSIS Pack Vendor :STMicroelectronics LIBJPEG 8.0.0
2026-05-27 15:08:47,024 DEBUG [LineInfo_to_exitCode.log_LineInfo] 2026-05-27 15:08:47,022 [INFO] ThirdParty:1030 - CMSIS Pack Vendor :STMicroelectronics FP-ATR-ASTRA1 2.0.2
2026-05-27 15:08:47,024 DEBUG [LineInfo_to_exitCode.log_LineInfo] 2026-05-27 15:08:47,022 [INFO] ThirdParty:1030 - CMSIS Pack Vendor :STMicroelectronics X-CUBE-SMBUS 2.1.0
2026-05-27 15:08:47,024 DEBUG [LineInfo_to_exitCode.log_LineInfo] 2026-05-27 15:08:47,022 [INFO] ThirdParty:1030 - CMSIS Pack Vendor :STMicroelectronics X-CUBE-ISPU 2.1.0
2026-05-27 15:08:47,024 DEBUG [LineInfo_to_exitCode.log_LineInfo] 2026-05-27 15:08:47,022 [INFO] ThirdParty:1030 - CMSIS Pack Vendor :STMicroelectronics X-CUBE-IPS 3.2.0
2026-05-27 15:08:47,024 DEBUG [LineInfo_to_exitCode.log_LineInfo] 2026-05-27 15:08:47,022 [INFO] ThirdParty:1030 - CMSIS Pack Vendor :STMicroelectronics eDS-WB_DPC_TT-BIDIR 2.1.1
2026-05-27 15:08:47,024 DEBUG [LineInfo_to_exitCode.log_LineInfo] 2026-05-27 15:08:47,022 [INFO] ThirdParty:1030 - CMSIS Pack Vendor :STMicroelectronics X-CUBE-ST60 1.0.0
2026-05-27 15:08:47,026 DEBUG [LineInfo_to_exitCode.log_LineInfo] 2026-05-27 15:08:47,022 [INFO] ThirdParty:1030 - CMSIS Pack Vendor :STMicroelectronics X-CUBE-NFC12 1.0.0
2026-05-27 15:08:47,026 DEBUG [LineInfo_to_exitCode.log_LineInfo] 2026-05-27 15:08:47,022 [INFO] ThirdParty:1030 - CMSIS Pack Vendor :STMicroelectronics X-CUBE-AZRTOS-F7 1.1.0
2026-05-27 15:08:47,026 DEBUG [LineInfo_to_exitCode.log_LineInfo] 2026-05-27 15:08:47,022 [INFO] ThirdParty:1030 - CMSIS Pack Vendor :STMicroelectronics X-CUBE-AZRTOS-L5 2.0.0
2026-05-27 15:08:47,026 DEBUG [LineInfo_to_exitCode.log_LineInfo] 2026-05-27 15:08:47,022 [INFO] ThirdParty:1030 - CMSIS Pack Vendor :STMicroelectronics USB_DEVICE 2.0.0
2026-05-27 15:08:47,026 DEBUG [LineInfo_to_exitCode.log_LineInfo] 2026-05-27 15:08:47,022 [INFO] ThirdParty:1030 - CMSIS Pack Vendor :STMicroelectronics X-CUBE-NFC6 3.1.0
2026-05-27 15:08:47,027 DEBUG [LineInfo_to_exitCode.log_LineInfo] 2026-05-27 15:08:47,022 [INFO] ThirdParty:1030 - CMSIS Pack Vendor :RealThread RT-Thread 3.1.5
2026-05-27 15:08:47,027 DEBUG [LineInfo_to_exitCode.log_LineInfo] 2026-05-27 15:08:47,022 [INFO] ThirdParty:1030 - CMSIS Pack Vendor :STMicroelectronics X-CUBE-ALGOBUILD 1.5.0
2026-05-27 15:08:47,027 DEBUG [LineInfo_to_exitCode.log_LineInfo] 2026-05-27 15:08:47,022 [INFO] ThirdParty:1030 - CMSIS Pack Vendor :STMicroelectronics FP-SNS-MOTENV1 5.1.0
2026-05-27 15:08:47,028 DEBUG [LineInfo_to_exitCode.log_LineInfo] 2026-05-27 15:08:47,022 [INFO] ThirdParty:1030 - CMSIS Pack Vendor :STMicroelectronics FreeRTOS 0.0.1
2026-05-27 15:08:47,028 DEBUG [LineInfo_to_exitCode.log_LineInfo] 2026-05-27 15:08:47,022 [INFO] ThirdParty:1030 - CMSIS Pack Vendor :STMicroelectronics eDS-WB_DPC_VIENNA 1.2.0
2026-05-27 15:08:47,028 DEBUG [LineInfo_to_exitCode.log_LineInfo] 2026-05-27 15:08:47,022 [INFO] ThirdParty:1030 - CMSIS Pack Vendor :WES I-CUBE-Cesium 1.4.0
2026-05-27 15:08:47,028 DEBUG [LineInfo_to_exitCode.log_LineInfo] 2026-05-27 15:08:47,022 [INFO] ThirdParty:1030 - CMSIS Pack Vendor :STMicroelectronics eDS-WB_DPC_3PH2L-BIDIR 1.1.1
2026-05-27 15:08:47,028 DEBUG [LineInfo_to_exitCode.log_LineInfo] 2026-05-27 15:08:47,022 [INFO] ThirdParty:1030 - CMSIS Pack Vendor :STMicroelectronics X-CUBE-ST67W61 1.3.0
2026-05-27 15:08:47,029 DEBUG [LineInfo_to_exitCode.log_LineInfo] 2026-05-27 15:08:47,022 [INFO] ThirdParty:1030 - CMSIS Pack Vendor :STMicroelectronics PDM2PCM 3.3.0
2026-05-27 15:08:47,029 DEBUG [LineInfo_to_exitCode.log_LineInfo] 2026-05-27 15:08:47,022 [INFO] ThirdParty:1030 - CMSIS Pack Vendor :STMicroelectronics X-CUBE-AZRTOS-H7 3.4.0
2026-05-27 15:08:47,029 DEBUG [LineInfo_to_exitCode.log_LineInfo] 2026-05-27 15:08:47,022 [INFO] ThirdParty:1030 - CMSIS Pack Vendor :STMicroelectronics X-CUBE-DISPLAY 3.0.0
2026-05-27 15:08:47,029 DEBUG [LineInfo_to_exitCode.log_LineInfo] 2026-05-27 15:08:47,022 [INFO] ThirdParty:1030 - CMSIS Pack Vendor :STMicroelectronics X-CUBE-GNSS1 7.1.1
2026-05-27 15:08:47,030 DEBUG [LineInfo_to_exitCode.log_LineInfo] 2026-05-27 15:08:47,022 [INFO] ThirdParty:1030 - CMSIS Pack Vendor :STMicroelectronics FP-SNS-MOTENVWB1 1.5.0
2026-05-27 15:08:47,030 DEBUG [LineInfo_to_exitCode.log_LineInfo] 2026-05-27 15:08:47,022 [INFO] ThirdParty:1030 - CMSIS Pack Vendor :STMicroelectronics X-CUBE-NFC10 1.0.0
2026-05-27 15:08:47,030 DEBUG [LineInfo_to_exitCode.log_LineInfo] 2026-05-27 15:08:47,022 [INFO] ThirdParty:1030 - CMSIS Pack Vendor :STMicroelectronics X-CUBE-BLEMGR 4.0.0
2026-05-27 15:08:47,030 DEBUG [LineInfo_to_exitCode.log_LineInfo] 2026-05-27 15:08:47,022 [INFO] ThirdParty:1030 - CMSIS Pack Vendor :STMicroelectronics X-CUBE-FREERTOS 1.3.1
2026-05-27 15:08:47,030 DEBUG [LineInfo_to_exitCode.log_LineInfo] 2026-05-27 15:08:47,022 [INFO] ThirdParty:1030 - CMSIS Pack Vendor :STMicroelectronics HAL Drivers 0.0.0
2026-05-27 15:08:47,030 DEBUG [LineInfo_to_exitCode.log_LineInfo] 2026-05-27 15:08:47,022 [INFO] ThirdParty:1030 - CMSIS Pack Vendor :STMicroelectronics X-CUBE-ST60 1.1.0
2026-05-27 15:08:47,031 DEBUG [LineInfo_to_exitCode.log_LineInfo] 2026-05-27 15:08:47,022 [INFO] ThirdParty:1030 - CMSIS Pack Vendor :emotas I-CUBE-CANOPEN 1.3.0
2026-05-27 15:08:47,031 DEBUG [LineInfo_to_exitCode.log_LineInfo] 2026-05-27 15:08:47,022 [INFO] ThirdParty:1030 - CMSIS Pack Vendor :STMicroelectronics MBEDTLS 2.14.1
2026-05-27 15:08:47,031 DEBUG [LineInfo_to_exitCode.log_LineInfo] 2026-05-27 15:08:47,022 [INFO] ThirdParty:1030 - CMSIS Pack Vendor :STMicroelectronics X-CUBE-GNSS1 7.1.0
2026-05-27 15:08:47,031 DEBUG [LineInfo_to_exitCode.log_LineInfo] 2026-05-27 15:08:47,022 [INFO] ThirdParty:1030 - CMSIS Pack Vendor :STMicroelectronics X-CUBE-TOUCHGFX 4.26.0
2026-05-27 15:08:47,031 DEBUG [LineInfo_to_exitCode.log_LineInfo] 2026-05-27 15:08:47,022 [INFO] ThirdParty:1030 - CMSIS Pack Vendor :STMicroelectronics X-CUBE-TOUCHGFX 4.26.1
2026-05-27 15:08:47,032 DEBUG [LineInfo_to_exitCode.log_LineInfo] 2026-05-27 15:08:47,024 [INFO] ThirdParty:1030 - CMSIS Pack Vendor :quantropi X-CUBE-qispace-sdk-base 2.0.0
2026-05-27 15:08:47,032 DEBUG [LineInfo_to_exitCode.log_LineInfo] 2026-05-27 15:08:47,024 [INFO] ThirdParty:1030 - CMSIS Pack Vendor :STMicroelectronics FP-SNS-STBOX1 2.1.0
2026-05-27 15:08:47,032 DEBUG [LineInfo_to_exitCode.log_LineInfo] 2026-05-27 15:08:47,024 [INFO] ThirdParty:1030 - CMSIS Pack Vendor :STMicroelectronics FP-SNS-STAIOTCFT 1.0.0
2026-05-27 15:08:47,032 DEBUG [LineInfo_to_exitCode.log_LineInfo] 2026-05-27 15:08:47,024 [INFO] ThirdParty:1030 - CMSIS Pack Vendor :STMicroelectronics FP-SNS-SMARTAG2 1.2.0
2026-05-27 15:08:47,032 DEBUG [LineInfo_to_exitCode.log_LineInfo] 2026-05-27 15:08:47,024 [INFO] ThirdParty:1030 - CMSIS Pack Vendor :STMicroelectronics FP-SNS-FLIGHT1 5.1.0
2026-05-27 15:08:47,032 DEBUG [LineInfo_to_exitCode.log_LineInfo] 2026-05-27 15:08:47,024 [INFO] ThirdParty:1030 - CMSIS Pack Vendor :STMicroelectronics X-CUBE-AZRTOS-WL 2.0.0
2026-05-27 15:08:47,032 DEBUG [LineInfo_to_exitCode.log_LineInfo] 2026-05-27 15:08:47,024 [INFO] ThirdParty:1030 - CMSIS Pack Vendor :STMicroelectronics X-CUBE-DPower 1.3.0
2026-05-27 15:08:47,033 DEBUG [LineInfo_to_exitCode.log_LineInfo] 2026-05-27 15:08:47,024 [INFO] ThirdParty:1030 - CMSIS Pack Vendor :STMicroelectronics FP-SNS-MOTENV1 5.0.0
2026-05-27 15:08:47,033 DEBUG [LineInfo_to_exitCode.log_LineInfo] 2026-05-27 15:08:47,024 [INFO] ThirdParty:1030 - CMSIS Pack Vendor :STMicroelectronics USB_DEVICE 1.0.0
2026-05-27 15:08:47,033 DEBUG [LineInfo_to_exitCode.log_LineInfo] 2026-05-27 15:08:47,024 [INFO] ThirdParty:1030 - CMSIS Pack Vendor :STMicroelectronics X-CUBE-AZRTOS-H7RS 1.2.0
2026-05-27 15:08:47,034 DEBUG [LineInfo_to_exitCode.log_LineInfo] 2026-05-27 15:08:47,024 [INFO] ThirdParty:1030 - CMSIS Pack Vendor :STMicroelectronics X-CUBE-AZRTOS-L4 2.0.0
2026-05-27 15:08:47,034 DEBUG [LineInfo_to_exitCode.log_LineInfo] 2026-05-27 15:08:47,024 [INFO] ThirdParty:1030 - CMSIS Pack Vendor :STMicroelectronics ThreadX 0.0.2
2026-05-27 15:08:47,034 DEBUG [LineInfo_to_exitCode.log_LineInfo] 2026-05-27 15:08:47,026 [INFO] ThirdParty:1030 - CMSIS Pack Vendor :STMicroelectronics lwIP 2.1.2
2026-05-27 15:08:47,034 DEBUG [LineInfo_to_exitCode.log_LineInfo] 2026-05-27 15:08:47,027 [INFO] ThirdParty:1030 - CMSIS Pack Vendor :STMicroelectronics X-CUBE-SFXS2LP1 4.0.0
2026-05-27 15:08:47,035 DEBUG [LineInfo_to_exitCode.log_LineInfo] 2026-05-27 15:08:47,027 [INFO] ThirdParty:1030 - CMSIS Pack Vendor :STMicroelectronics X-CUBE-BLE2 3.3.0
2026-05-27 15:08:47,035 DEBUG [LineInfo_to_exitCode.log_LineInfo] 2026-05-27 15:08:47,027 [INFO] ThirdParty:1030 - CMSIS Pack Vendor :Avnet-IOTCONNECT X-CUBE-iotc-st67-sdk 1.0.0
2026-05-27 15:08:47,035 DEBUG [LineInfo_to_exitCode.log_LineInfo] 2026-05-27 15:08:47,027 [INFO] ThirdParty:1030 - CMSIS Pack Vendor :Infineon AIROC-Wi-Fi-Bluetooth-STM32 1.8.0
2026-05-27 15:08:47,036 DEBUG [LineInfo_to_exitCode.log_LineInfo] 2026-05-27 15:08:47,028 [INFO] ThirdParty:1030 - CMSIS Pack Vendor :STMicroelectronics PDM2PCM 3.2.0
2026-05-27 15:08:47,036 DEBUG [LineInfo_to_exitCode.log_LineInfo] 2026-05-27 15:08:47,028 [INFO] ThirdParty:1030 - CMSIS Pack Vendor :STMicroelectronics X-CUBE-WB05N 2.1.0
2026-05-27 15:08:47,036 DEBUG [LineInfo_to_exitCode.log_LineInfo] 2026-05-27 15:08:47,028 [INFO] ThirdParty:1030 - CMSIS Pack Vendor :STMicroelectronics X-CUBE-ST67W61 1.2.0
2026-05-27 15:08:47,037 DEBUG [LineInfo_to_exitCode.log_LineInfo] 2026-05-27 15:08:47,028 [INFO] ThirdParty:1030 - CMSIS Pack Vendor :STMicroelectronics X-CUBE-NFC9 1.0.0
2026-05-27 15:08:47,037 DEBUG [LineInfo_to_exitCode.log_LineInfo] 2026-05-27 15:08:47,028 [INFO] ThirdParty:1030 - CMSIS Pack Vendor :wolfSSL I-CUBE-wolfSSL 5.8.0
2026-05-27 15:08:47,037 DEBUG [LineInfo_to_exitCode.log_LineInfo] 2026-05-27 15:08:47,028 [INFO] ThirdParty:1030 - CMSIS Pack Vendor :STMicroelectronics X-CUBE-BLE1 7.1.0
2026-05-27 15:08:47,037 DEBUG [LineInfo_to_exitCode.log_LineInfo] 2026-05-27 15:08:47,028 [INFO] ThirdParty:1030 - CMSIS Pack Vendor :wolfSSL I-CUBE-wolfMQTT 1.19.2
2026-05-27 15:08:47,037 DEBUG [LineInfo_to_exitCode.log_LineInfo] 2026-05-27 15:08:47,028 [INFO] ThirdParty:1030 - CMSIS Pack Vendor :STMicroelectronics USB_DEVICE 3.0.0
2026-05-27 15:08:47,037 DEBUG [LineInfo_to_exitCode.log_LineInfo] 2026-05-27 15:08:47,029 [INFO] ThirdParty:1030 - CMSIS Pack Vendor :STMicroelectronics X-CUBE-FREERTOS 1.4.0
2026-05-27 15:08:47,038 DEBUG [LineInfo_to_exitCode.log_LineInfo] 2026-05-27 15:08:47,029 [INFO] ThirdParty:1030 - CMSIS Pack Vendor :STMicroelectronics X-CUBE-EEPRMA1 5.2.0
2026-05-27 15:08:47,038 DEBUG [LineInfo_to_exitCode.log_LineInfo] 2026-05-27 15:08:47,029 [INFO] ThirdParty:1030 - CMSIS Pack Vendor :STMicroelectronics X-CUBE-BLEMGR 4.1.0
2026-05-27 15:08:47,038 DEBUG [LineInfo_to_exitCode.log_LineInfo] 2026-05-27 15:08:47,029 [INFO] ThirdParty:1030 - CMSIS Pack Vendor :STMicroelectronics X-CUBE-AZRTOS-WB 2.0.0
2026-05-27 15:08:47,039 DEBUG [LineInfo_to_exitCode.log_LineInfo] 2026-05-27 15:08:47,029 [INFO] ThirdParty:1030 - CMSIS Pack Vendor :wolfSSL I-CUBE-wolfSSL 5.8.4
2026-05-27 15:08:47,040 DEBUG [LineInfo_to_exitCode.log_LineInfo] 2026-05-27 15:08:47,029 [INFO] ThirdParty:1030 - CMSIS Pack Vendor :Cesanta I-CUBE-Mongoose 7.20.0
2026-05-27 15:08:47,040 DEBUG [LineInfo_to_exitCode.log_LineInfo] 2026-05-27 15:08:47,029 [INFO] ThirdParty:1030 - CMSIS Pack Vendor :STMicroelectronics X-CUBE-GNSS1 7.0.1
2026-05-27 15:08:47,040 DEBUG [LineInfo_to_exitCode.log_LineInfo] 2026-05-27 15:08:47,029 [INFO] ThirdParty:1030 - CMSIS Pack Vendor :STMicroelectronics X-CUBE-TOUCHGFX 4.25.0
2026-05-27 15:08:47,040 DEBUG [LineInfo_to_exitCode.log_LineInfo] 2026-05-27 15:08:47,030 [INFO] ThirdParty:1030 - CMSIS Pack Vendor :STMicroelectronics X-CUBE-ST67W61 1.1.0
2026-05-27 15:08:47,041 DEBUG [LineInfo_to_exitCode.log_LineInfo] 2026-05-27 15:08:47,030 [INFO] ThirdParty:1030 - CMSIS Pack Vendor :STMicroelectronics X-CUBE-AI 10.1.0
2026-05-27 15:08:47,041 DEBUG [LineInfo_to_exitCode.log_LineInfo] 2026-05-27 15:08:47,030 [INFO] ThirdParty:1030 - CMSIS Pack Vendor :STMicroelectronics FP-SNS-STBOX1 2.0.0
2026-05-27 15:08:47,041 DEBUG [LineInfo_to_exitCode.log_LineInfo] 2026-05-27 15:08:47,030 [INFO] ThirdParty:1030 - CMSIS Pack Vendor :STMicroelectronics FP-SNS-STAIOTCFT 1.1.0
2026-05-27 15:08:47,043 DEBUG [LineInfo_to_exitCode.log_LineInfo] 2026-05-27 15:08:47,030 [INFO] ThirdParty:1030 - CMSIS Pack Vendor :quantropi X-CUBE-qispace-sdk-base 2.1.0
2026-05-27 15:08:47,043 DEBUG [LineInfo_to_exitCode.log_LineInfo] 2026-05-27 15:08:47,030 [INFO] ThirdParty:1030 - CMSIS Pack Vendor :STMicroelectronics X-CUBE-MEMS1 12.0.0
2026-05-27 15:08:47,043 DEBUG [LineInfo_to_exitCode.log_LineInfo] 2026-05-27 15:08:47,030 [INFO] ThirdParty:1030 - CMSIS Pack Vendor :STMicroelectronics X-CUBE-STSE01 2.0.0
2026-05-27 15:08:47,044 DEBUG [LineInfo_to_exitCode.log_LineInfo] 2026-05-27 15:08:47,030 [INFO] ThirdParty:1030 - CMSIS Pack Vendor :STMicroelectronics X-CUBE-AZRTOS-G0 1.1.0
2026-05-27 15:08:47,044 DEBUG [LineInfo_to_exitCode.log_LineInfo] 2026-05-27 15:08:47,030 [INFO] ThirdParty:1030 - CMSIS Pack Vendor :STMicroelectronics X-CUBE-SAFEA1 1.2.2
2026-05-27 15:08:47,045 DEBUG [LineInfo_to_exitCode.log_LineInfo] 2026-05-27 15:08:47,030 [INFO] ThirdParty:1030 - CMSIS Pack Vendor :STMicroelectronics X-CUBE-NFC4 3.0.0
2026-05-27 15:08:47,045 DEBUG [LineInfo_to_exitCode.log_LineInfo] 2026-05-27 15:08:47,030 [INFO] ThirdParty:1030 - CMSIS Pack Vendor :STMicroelectronics X-CUBE-SUBG2 5.0.0
2026-05-27 15:08:47,046 DEBUG [LineInfo_to_exitCode.log_LineInfo] 2026-05-27 15:08:47,030 [INFO] ThirdParty:1030 - CMSIS Pack Vendor :STMicroelectronics X-CUBE-AZRTOS-H7RS 1.1.0
2026-05-27 15:08:47,046 DEBUG [LineInfo_to_exitCode.log_LineInfo] 2026-05-27 15:08:47,030 [INFO] ThirdParty:1030 - CMSIS Pack Vendor :STMicroelectronics STM32_WPAN 1.0.0
2026-05-27 15:08:47,046 DEBUG [LineInfo_to_exitCode.log_LineInfo] 2026-05-27 15:08:47,030 [INFO] ThirdParty:1030 - CMSIS Pack Vendor :EmbeddedOffice I-CUBE-FS-RTOS 1.0.1
2026-05-27 15:08:47,046 DEBUG [LineInfo_to_exitCode.log_LineInfo] 2026-05-27 15:08:47,031 [INFO] ThirdParty:1030 - CMSIS Pack Vendor :STMicroelectronics lwIP 2.0.3
2026-05-27 15:08:47,047 DEBUG [LineInfo_to_exitCode.log_LineInfo] 2026-05-27 15:08:47,031 [INFO] ThirdParty:1030 - CMSIS Pack Vendor :STMicroelectronics USB_HOST 1.0.0
2026-05-27 15:08:47,047 DEBUG [LineInfo_to_exitCode.log_LineInfo] 2026-05-27 15:08:47,031 [INFO] ThirdParty:1030 - CMSIS Pack Vendor :STMicroelectronics X-CUBE-AZRTOS-G4 2.0.0
2026-05-27 15:08:47,047 DEBUG [LineInfo_to_exitCode.log_LineInfo] 2026-05-27 15:08:47,031 [INFO] ThirdParty:1030 - CMSIS Pack Vendor :STMicroelectronics X-CUBE-WB05N 2.0.0
2026-05-27 15:08:47,048 DEBUG [LineInfo_to_exitCode.log_LineInfo] 2026-05-27 15:08:47,035 [INFO] ThirdParty:1030 - CMSIS Pack Vendor :STMicroelectronics PDM2PCM 3.1.0
2026-05-27 15:08:47,048 DEBUG [LineInfo_to_exitCode.log_LineInfo] 2026-05-27 15:08:47,035 [INFO] ThirdParty:1030 - CMSIS Pack Vendor :wolfSSL I-CUBE-wolfTPM 3.8.0
2026-05-27 15:08:47,048 DEBUG [LineInfo_to_exitCode.log_LineInfo] 2026-05-27 15:08:47,035 [INFO] ThirdParty:1030 - CMSIS Pack Vendor :wolfSSL I-CUBE-wolfSSH 1.4.20
2026-05-27 15:08:47,048 DEBUG [LineInfo_to_exitCode.log_LineInfo] 2026-05-27 15:08:47,035 [INFO] ThirdParty:1030 - CMSIS Pack Vendor :STMicroelectronics X-CUBE-NFC7 2.0.0
2026-05-27 15:08:47,048 DEBUG [LineInfo_to_exitCode.log_LineInfo] 2026-05-27 15:08:47,035 [INFO] ThirdParty:1030 - CMSIS Pack Vendor :STMicroelectronics X-CUBE-TCPP 4.2.0
2026-05-27 15:08:47,048 DEBUG [LineInfo_to_exitCode.log_LineInfo] 2026-05-27 15:08:47,035 [INFO] ThirdParty:1030 - CMSIS Pack Vendor :RealThread X-CUBE-RT-Thread_Nano 4.1.1
2026-05-27 15:08:47,048 DEBUG [LineInfo_to_exitCode.log_LineInfo] 2026-05-27 15:08:47,035 [INFO] ThirdParty:1030 - CMSIS Pack Vendor :STMicroelectronics FP-ATR-SIGFOX1 3.2.0
2026-05-27 15:08:47,049 DEBUG [LineInfo_to_exitCode.log_LineInfo] 2026-05-27 15:08:47,035 [INFO] ThirdParty:1030 - CMSIS Pack Vendor :STMicroelectronics X-CUBE-EEPRMA1 5.1.0
2026-05-27 15:08:47,049 DEBUG [LineInfo_to_exitCode.log_LineInfo] 2026-05-27 15:08:47,035 [INFO] ThirdParty:1030 - CMSIS Pack Vendor :STMicroelectronics X-CUBE-FREERTOS 1.5.0
2026-05-27 15:08:47,049 DEBUG [LineInfo_to_exitCode.log_LineInfo] 2026-05-27 15:08:47,035 [INFO] ThirdParty:1030 - CMSIS Pack Vendor :STMicroelectronics MBEDTLS 2.16.2
2026-05-27 15:08:47,049 DEBUG [LineInfo_to_exitCode.log_LineInfo] 2026-05-27 15:08:47,035 [INFO] ThirdParty:1030 - CMSIS Pack Vendor :STMicroelectronics X-CUBE-IPS 3.1.0
2026-05-27 15:08:47,049 DEBUG [LineInfo_to_exitCode.log_LineInfo] 2026-05-27 15:08:47,035 [INFO] ThirdParty:1030 - CMSIS Pack Vendor :STMicroelectronics X-CUBE-ALS 1.0.2
2026-05-27 15:08:47,049 DEBUG [LineInfo_to_exitCode.log_LineInfo] 2026-05-27 15:08:47,035 [INFO] ThirdParty:1030 - CMSIS Pack Vendor :ITTIA_DB I-CUBE-ITTIADB 8.9.0
2026-05-27 15:08:47,049 DEBUG [LineInfo_to_exitCode.log_LineInfo] 2026-05-27 15:08:47,035 [INFO] ThirdParty:1030 - CMSIS Pack Vendor :STMicroelectronics X-CUBE-STSE01 1.0.0
2026-05-27 15:08:47,049 DEBUG [LineInfo_to_exitCode.log_LineInfo] 2026-05-27 15:08:47,035 [INFO] ThirdParty:1030 - CMSIS Pack Vendor :portGmbH I-Cube-SoM-uGOAL 1.1.0
2026-05-27 15:08:47,049 DEBUG [LineInfo_to_exitCode.log_LineInfo] 2026-05-27 15:08:47,035 [INFO] ThirdParty:1030 - CMSIS Pack Vendor :STMicroelectronics X-CUBE-NFC6 3.2.0
2026-05-27 15:08:47,050 DEBUG [LineInfo_to_exitCode.log_LineInfo] 2026-05-27 15:08:47,035 [INFO] ThirdParty:1030 - CMSIS Pack Vendor :STMicroelectronics X-CUBE-ST67W61 1.0.0
2026-05-27 15:08:47,050 DEBUG [LineInfo_to_exitCode.log_LineInfo] 2026-05-27 15:08:47,035 [INFO] ThirdParty:1030 - CMSIS Pack Vendor :STMicroelectronics X-CUBE-AI 10.2.0
2026-05-27 15:08:47,050 DEBUG [LineInfo_to_exitCode.log_LineInfo] 2026-05-27 15:08:47,035 [INFO] ThirdParty:1030 - CMSIS Pack Vendor :STMicroelectronics ThreadX 1.0.0
2026-05-27 15:08:47,050 DEBUG [LineInfo_to_exitCode.log_LineInfo] 2026-05-27 15:08:47,036 [INFO] ThirdParty:1030 - CMSIS Pack Vendor :STMicroelectronics X-CUBE-MEMS1 12.1.0
2026-05-27 15:08:47,051 DEBUG [LineInfo_to_exitCode.log_LineInfo] 2026-05-27 15:08:47,036 [INFO] ThirdParty:1030 - CMSIS Pack Vendor :SEGGER I-CUBE-embOS 1.3.1
2026-05-27 15:08:47,051 DEBUG [LineInfo_to_exitCode.log_LineInfo] 2026-05-27 15:08:47,036 [INFO] ThirdParty:1030 - CMSIS Pack Vendor :STMicroelectronics X-CUBE-ALGOBUILD 1.4.0
2026-05-27 15:08:47,051 DEBUG [LineInfo_to_exitCode.log_LineInfo] 2026-05-27 15:08:47,036 [INFO] ThirdParty:1030 - CMSIS Pack Vendor :STMicroelectronics X-CUBE-MEMS1 11.3.0
2026-05-27 15:08:47,051 DEBUG [LineInfo_to_exitCode.log_LineInfo] 2026-05-27 15:08:47,036 [INFO] ThirdParty:1030 - CMSIS Pack Vendor :STMicroelectronics X-CUBE-TOF1 3.4.3
2026-05-27 15:08:47,051 DEBUG [LineInfo_to_exitCode.log_LineInfo] 2026-05-27 15:08:47,037 [INFO] ThirdParty:841 - exiting critical section [change project]
2026-05-27 15:08:48,161 DEBUG [LineInfo_to_exitCode.log_LineInfo] 2026-05-27 15:08:48,161 [INFO] PinOutPanel:1463 - setPackage(No Configuration,No Configuration)
2026-05-27 15:08:48,163 DEBUG [LineInfo_to_exitCode.log_LineInfo] 2026-05-27 15:08:48,162 [INFO] PinOutPanel:1463 - setPackage(STM32F407IGTx,LQFP176)
2026-05-27 15:08:49,063 DEBUG [LineInfo_to_exitCode.log_LineInfo] 2026-05-27 15:08:49,063 [INFO] UtilMem:75 - Before build in PCC Used Memory: 295831320 Bytes (471859200)
2026-05-27 15:08:50,374 DEBUG [LineInfo_to_exitCode.log_LineInfo] 2026-05-27 15:08:50,373 [INFO] UtilMem:75 - After build in PCC Used Memory: 358745880 Bytes (471859200)
2026-05-27 15:08:50,668 DEBUG [LineInfo_to_exitCode.log_LineInfo] 2026-05-27 15:08:50,667 [INFO] ApiDbMcu:530 - Load IP Config File for MotorControl
2026-05-27 15:08:50,762 DEBUG [LineInfo_to_exitCode.log_LineInfo] 2026-05-27 15:08:50,761 [INFO] IPUIPlugin:83 - create IPUIPlugin
2026-05-27 15:08:50,762 DEBUG [LineInfo_to_exitCode.log_LineInfo] 2026-05-27 15:08:50,762 [INFO] IPUIPlugin:83 - create IPUIPlugin
2026-05-27 15:08:50,763 DEBUG [LineInfo_to_exitCode.log_LineInfo] 2026-05-27 15:08:50,762 [INFO] IPUIPlugin:83 - create IPUIPlugin
2026-05-27 15:08:50,763 DEBUG [LineInfo_to_exitCode.log_LineInfo] 2026-05-27 15:08:50,762 [INFO] IPUIPlugin:83 - create IPUIPlugin
2026-05-27 15:08:50,763 DEBUG [LineInfo_to_exitCode.log_LineInfo] 2026-05-27 15:08:50,762 [INFO] IPUIPlugin:83 - create IPUIPlugin
2026-05-27 15:08:50,766 DEBUG [LineInfo_to_exitCode.log_LineInfo] 2026-05-27 15:08:50,766 [INFO] IPUIPlugin:83 - create IPUIPlugin
2026-05-27 15:08:50,766 DEBUG [LineInfo_to_exitCode.log_LineInfo] 2026-05-27 15:08:50,766 [INFO] IPUIPlugin:83 - create IPUIPlugin
2026-05-27 15:08:50,768 DEBUG [LineInfo_to_exitCode.log_LineInfo] 2026-05-27 15:08:50,768 [INFO] IPUIPlugin:83 - create IPUIPlugin
2026-05-27 15:08:50,768 DEBUG [LineInfo_to_exitCode.log_LineInfo] 2026-05-27 15:08:50,768 [INFO] IPUIPlugin:83 - create IPUIPlugin
2026-05-27 15:08:50,768 DEBUG [LineInfo_to_exitCode.log_LineInfo] 2026-05-27 15:08:50,768 [INFO] IPUIPlugin:83 - create IPUIPlugin
2026-05-27 15:08:50,768 DEBUG [LineInfo_to_exitCode.log_LineInfo] 2026-05-27 15:08:50,768 [INFO] IPUIPlugin:83 - create IPUIPlugin
2026-05-27 15:08:50,768 DEBUG [LineInfo_to_exitCode.log_LineInfo] 2026-05-27 15:08:50,768 [INFO] IPUIPlugin:83 - create IPUIPlugin
2026-05-27 15:08:50,768 DEBUG [LineInfo_to_exitCode.log_LineInfo] 2026-05-27 15:08:50,768 [INFO] IPUIPlugin:83 - create IPUIPlugin
2026-05-27 15:08:50,769 DEBUG [LineInfo_to_exitCode.log_LineInfo] 2026-05-27 15:08:50,768 [INFO] IPUIPlugin:83 - create IPUIPlugin
2026-05-27 15:08:50,769 DEBUG [LineInfo_to_exitCode.log_LineInfo] 2026-05-27 15:08:50,769 [INFO] IPUIPlugin:83 - create IPUIPlugin
2026-05-27 15:08:50,769 DEBUG [LineInfo_to_exitCode.log_LineInfo] 2026-05-27 15:08:50,769 [INFO] IPUIPlugin:83 - create IPUIPlugin
2026-05-27 15:08:50,769 DEBUG [LineInfo_to_exitCode.log_LineInfo] 2026-05-27 15:08:50,769 [INFO] IPUIPlugin:83 - create IPUIPlugin
2026-05-27 15:08:50,771 DEBUG [LineInfo_to_exitCode.log_LineInfo] 2026-05-27 15:08:50,771 [INFO] IPUIPlugin:83 - create IPUIPlugin
2026-05-27 15:08:50,771 DEBUG [LineInfo_to_exitCode.log_LineInfo] 2026-05-27 15:08:50,771 [INFO] IPUIPlugin:83 - create IPUIPlugin
2026-05-27 15:08:50,771 DEBUG [LineInfo_to_exitCode.log_LineInfo] 2026-05-27 15:08:50,771 [INFO] IPUIPlugin:83 - create IPUIPlugin
2026-05-27 15:08:50,773 DEBUG [LineInfo_to_exitCode.log_LineInfo] 2026-05-27 15:08:50,771 [INFO] IPUIPlugin:83 - create IPUIPlugin
2026-05-27 15:08:50,778 DEBUG [LineInfo_to_exitCode.log_LineInfo] 2026-05-27 15:08:50,777 [INFO] IPUIPlugin:83 - create IPUIPlugin
2026-05-27 15:08:50,778 DEBUG [LineInfo_to_exitCode.log_LineInfo] 2026-05-27 15:08:50,778 [INFO] IPUIPlugin:83 - create IPUIPlugin
2026-05-27 15:08:50,779 DEBUG [LineInfo_to_exitCode.log_LineInfo] 2026-05-27 15:08:50,779 [INFO] IPUIPlugin:83 - create IPUIPlugin
2026-05-27 15:08:50,779 DEBUG [LineInfo_to_exitCode.log_LineInfo] 2026-05-27 15:08:50,779 [INFO] IPUIPlugin:83 - create IPUIPlugin
2026-05-27 15:08:50,781 DEBUG [LineInfo_to_exitCode.log_LineInfo] 2026-05-27 15:08:50,781 [INFO] IPUIPlugin:83 - create IPUIPlugin
2026-05-27 15:08:50,782 DEBUG [LineInfo_to_exitCode.log_LineInfo] 2026-05-27 15:08:50,781 [INFO] IPUIPlugin:83 - create IPUIPlugin
2026-05-27 15:08:50,782 DEBUG [LineInfo_to_exitCode.log_LineInfo] 2026-05-27 15:08:50,782 [INFO] IPUIPlugin:83 - create IPUIPlugin
2026-05-27 15:08:50,783 DEBUG [LineInfo_to_exitCode.log_LineInfo] 2026-05-27 15:08:50,783 [INFO] IPUIPlugin:83 - create IPUIPlugin
2026-05-27 15:08:50,783 DEBUG [LineInfo_to_exitCode.log_LineInfo] 2026-05-27 15:08:50,783 [INFO] IPUIPlugin:83 - create IPUIPlugin
2026-05-27 15:08:50,784 DEBUG [LineInfo_to_exitCode.log_LineInfo] 2026-05-27 15:08:50,784 [INFO] IPUIPlugin:83 - create IPUIPlugin
2026-05-27 15:08:50,784 DEBUG [LineInfo_to_exitCode.log_LineInfo] 2026-05-27 15:08:50,784 [INFO] IPUIPlugin:83 - create IPUIPlugin
2026-05-27 15:08:50,784 DEBUG [LineInfo_to_exitCode.log_LineInfo] 2026-05-27 15:08:50,784 [INFO] IPUIPlugin:83 - create IPUIPlugin
2026-05-27 15:08:50,784 DEBUG [LineInfo_to_exitCode.log_LineInfo] 2026-05-27 15:08:50,784 [INFO] IPUIPlugin:83 - create IPUIPlugin
2026-05-27 15:08:50,785 DEBUG [LineInfo_to_exitCode.log_LineInfo] 2026-05-27 15:08:50,785 [INFO] IPUIPlugin:83 - create IPUIPlugin
2026-05-27 15:08:50,786 DEBUG [LineInfo_to_exitCode.log_LineInfo] 2026-05-27 15:08:50,785 [INFO] IPUIPlugin:83 - create IPUIPlugin
2026-05-27 15:08:50,786 DEBUG [LineInfo_to_exitCode.log_LineInfo] 2026-05-27 15:08:50,786 [INFO] IPUIPlugin:83 - create IPUIPlugin
2026-05-27 15:08:50,786 DEBUG [LineInfo_to_exitCode.log_LineInfo] 2026-05-27 15:08:50,786 [INFO] IPUIPlugin:83 - create IPUIPlugin
2026-05-27 15:08:50,787 DEBUG [LineInfo_to_exitCode.log_LineInfo] 2026-05-27 15:08:50,787 [INFO] IPUIPlugin:83 - create IPUIPlugin
2026-05-27 15:08:50,788 DEBUG [LineInfo_to_exitCode.log_LineInfo] 2026-05-27 15:08:50,788 [INFO] IPUIPlugin:83 - create IPUIPlugin
2026-05-27 15:08:50,788 DEBUG [LineInfo_to_exitCode.log_LineInfo] 2026-05-27 15:08:50,788 [INFO] IPUIPlugin:83 - create IPUIPlugin
2026-05-27 15:08:50,790 DEBUG [LineInfo_to_exitCode.log_LineInfo] 2026-05-27 15:08:50,788 [INFO] IPUIPlugin:83 - create IPUIPlugin
2026-05-27 15:08:50,792 DEBUG [LineInfo_to_exitCode.log_LineInfo] 2026-05-27 15:08:50,791 [INFO] IPUIPlugin:83 - create IPUIPlugin
2026-05-27 15:08:50,792 DEBUG [LineInfo_to_exitCode.log_LineInfo] 2026-05-27 15:08:50,792 [INFO] IPUIPlugin:83 - create IPUIPlugin
2026-05-27 15:08:50,793 DEBUG [LineInfo_to_exitCode.log_LineInfo] 2026-05-27 15:08:50,793 [INFO] IPUIPlugin:83 - create IPUIPlugin
2026-05-27 15:08:50,795 DEBUG [LineInfo_to_exitCode.log_LineInfo] 2026-05-27 15:08:50,794 [INFO] IPUIPlugin:83 - create IPUIPlugin
2026-05-27 15:08:50,796 DEBUG [LineInfo_to_exitCode.log_LineInfo] 2026-05-27 15:08:50,796 [INFO] IPUIPlugin:83 - create IPUIPlugin
2026-05-27 15:08:50,797 DEBUG [LineInfo_to_exitCode.log_LineInfo] 2026-05-27 15:08:50,797 [INFO] IPUIPlugin:83 - create IPUIPlugin
2026-05-27 15:08:50,799 DEBUG [LineInfo_to_exitCode.log_LineInfo] 2026-05-27 15:08:50,799 [INFO] IPUIPlugin:83 - create IPUIPlugin
2026-05-27 15:08:50,800 DEBUG [LineInfo_to_exitCode.log_LineInfo] 2026-05-27 15:08:50,800 [INFO] IPUIPlugin:83 - create IPUIPlugin
2026-05-27 15:08:50,801 DEBUG [LineInfo_to_exitCode.log_LineInfo] 2026-05-27 15:08:50,800 [INFO] IPUIPlugin:83 - create IPUIPlugin
2026-05-27 15:08:50,801 DEBUG [LineInfo_to_exitCode.log_LineInfo] 2026-05-27 15:08:50,801 [INFO] IPUIPlugin:83 - create IPUIPlugin
2026-05-27 15:08:50,802 DEBUG [LineInfo_to_exitCode.log_LineInfo] 2026-05-27 15:08:50,802 [INFO] IPUIPlugin:83 - create IPUIPlugin
2026-05-27 15:08:50,803 DEBUG [LineInfo_to_exitCode.log_LineInfo] 2026-05-27 15:08:50,802 [INFO] IPUIPlugin:83 - create IPUIPlugin
2026-05-27 15:08:50,803 DEBUG [LineInfo_to_exitCode.log_LineInfo] 2026-05-27 15:08:50,803 [INFO] IPUIPlugin:83 - create IPUIPlugin
2026-05-27 15:08:50,804 DEBUG [LineInfo_to_exitCode.log_LineInfo] 2026-05-27 15:08:50,804 [INFO] IPUIPlugin:83 - create IPUIPlugin
2026-05-27 15:08:50,805 DEBUG [LineInfo_to_exitCode.log_LineInfo] 2026-05-27 15:08:50,805 [INFO] IPUIPlugin:83 - create IPUIPlugin
2026-05-27 15:08:50,805 DEBUG [LineInfo_to_exitCode.log_LineInfo] 2026-05-27 15:08:50,805 [INFO] IPUIPlugin:83 - create IPUIPlugin
2026-05-27 15:08:50,806 DEBUG [LineInfo_to_exitCode.log_LineInfo] 2026-05-27 15:08:50,806 [INFO] IPUIPlugin:83 - create IPUIPlugin
2026-05-27 15:08:50,837 DEBUG [LineInfo_to_exitCode.log_LineInfo] 2026-05-27 15:08:50,836 [INFO] ApiDbMcu:530 - Load IP Config File for PDM2PCM
2026-05-27 15:08:51,385 DEBUG [LineInfo_to_exitCode.log_LineInfo] 2026-05-27 15:08:51,384 [INFO] ProjectChoiceTab:3887 - New firmware version: STM32Cube FW_F4 V1.28.3 Old firmware version: null
2026-05-27 15:08:51,385 DEBUG [LineInfo_to_exitCode.log_LineInfo] 2026-05-27 15:08:51,385 [INFO] ProjectChoiceTab:3897 - H7FWmigrated= false
2026-05-27 15:08:51,512 DEBUG [LineInfo_to_exitCode.log_LineInfo] 2026-05-27 15:08:51,511 [INFO] CADModel:166 - CPN selected for project levelSTM32F407IGT6
2026-05-27 15:08:51,512 DEBUG [LineInfo_to_exitCode.log_LineInfo] 2026-05-27 15:08:51,511 [INFO] CADModel:115 - Register for checkConnection events
2026-05-27 15:08:52,404 DEBUG [LineInfo_to_exitCode.log_LineInfo] 2026-05-27 15:08:52,403 [INFO] OpenFileManager:401 - Restore cursor
2026-05-27 15:08:52,798 DEBUG [LineInfo_to_exitCode.log_LineInfo] 2026-05-27 15:08:52,798 [INFO] ProjectChoiceTab:3887 - New firmware version: STM32Cube FW_F4 V1.28.3 Old firmware version: STM32Cube FW_F4 V1.28.3
2026-05-27 15:08:53,227 DEBUG [LineInfo_to_exitCode.log_LineInfo] 2026-05-27 15:08:53,227 [INFO] UtilMem:75 - End SaveConfig() Used Memory: 324241064 Bytes (471859200)
2026-05-27 15:08:53,277 DEBUG [LineInfo_to_exitCode.log_LineInfo] 2026-05-27 15:08:53,277 [INFO] ProjectChoiceTab:3887 - New firmware version: STM32Cube FW_F4 V1.28.3 Old firmware version: STM32Cube FW_F4 V1.28.3
2026-05-27 15:08:54,093 DEBUG [LineInfo_to_exitCode.log_LineInfo] 2026-05-27 15:08:54,092 [INFO] IPsOverviews:2785 - set Specific Code input for plugin: MotorControl
2026-05-27 15:08:54,093 DEBUG [LineInfo_to_exitCode.log_LineInfo] 2026-05-27 15:08:54,093 [INFO] IPsOverviews:2785 - set Specific Code input for plugin: TIM1_8
2026-05-27 15:08:54,094 DEBUG [LineInfo_to_exitCode.log_LineInfo] 2026-05-27 15:08:54,093 [INFO] IPsOverviews:2785 - set Specific Code input for plugin: TIM1_8
2026-05-27 15:08:54,094 DEBUG [LineInfo_to_exitCode.log_LineInfo] 2026-05-27 15:08:54,093 [INFO] IPsOverviews:2785 - set Specific Code input for plugin: ADC
2026-05-27 15:08:54,094 DEBUG [LineInfo_to_exitCode.log_LineInfo] 2026-05-27 15:08:54,093 [INFO] IPsOverviews:2785 - set Specific Code input for plugin: SYS
2026-05-27 15:08:54,094 DEBUG [LineInfo_to_exitCode.log_LineInfo] 2026-05-27 15:08:54,093 [INFO] IPsOverviews:2785 - set Specific Code input for plugin: ADC
2026-05-27 15:08:54,094 DEBUG [LineInfo_to_exitCode.log_LineInfo] 2026-05-27 15:08:54,093 [INFO] IPsOverviews:2785 - set Specific Code input for plugin: RCC
2026-05-27 15:08:54,094 DEBUG [LineInfo_to_exitCode.log_LineInfo] 2026-05-27 15:08:54,093 [INFO] IPsOverviews:2785 - set Specific Code input for plugin: NVIC
2026-05-27 15:08:54,095 DEBUG [LineInfo_to_exitCode.log_LineInfo] 2026-05-27 15:08:54,093 [INFO] IPsOverviews:2785 - set Specific Code input for plugin: USART
2026-05-27 15:08:54,095 DEBUG [LineInfo_to_exitCode.log_LineInfo] 2026-05-27 15:08:54,093 [INFO] IPsOverviews:2785 - set Specific Code input for plugin: DMA
2026-05-27 15:08:54,095 DEBUG [LineInfo_to_exitCode.log_LineInfo] 2026-05-27 15:08:54,094 [INFO] IPsOverviews:2785 - set Specific Code input for plugin: GPIO
2026-05-27 15:08:54,111 DEBUG [LineInfo_to_exitCode.log_LineInfo] 2026-05-27 15:08:54,110 [INFO] CodeGenerator:898 - code generatio: config db path: D:\Program Files\STMicroelectronics\STM32Cube\STM32CubeMX\\db\
2026-05-27 15:08:54,898 DEBUG [LineInfo_to_exitCode.log_LineInfo] 2026-05-27 15:08:54,897 [INFO] CodeEngine:295 - oldGeneratedFile, D:\code\pmsm_foc_driver\pmsm_foc_driver\MXTmpFiles\license.tmp_save
2026-05-27 15:08:56,035 DEBUG [LineInfo_to_exitCode.log_LineInfo] 2026-05-27 15:08:56,034 [INFO] CodeEngine:319 - Generated code: D:\code\pmsm_foc_driver\pmsm_foc_driver\MXTmpFiles\license.tmp
2026-05-27 15:08:56,195 DEBUG [LineInfo_to_exitCode.log_LineInfo] 2026-05-27 15:08:56,195 [INFO] CodeEngine:295 - oldGeneratedFile, D:\code\pmsm_foc_driver\pmsm_foc_driver\MXTmpFiles\gpio.tmp_save
2026-05-27 15:08:56,615 DEBUG [LineInfo_to_exitCode.log_LineInfo] 2026-05-27 15:08:56,615 [INFO] CodeEngine:319 - Generated code: D:\code\pmsm_foc_driver\pmsm_foc_driver\MXTmpFiles\gpio.tmp
2026-05-27 15:08:58,342 DEBUG [LineInfo_to_exitCode.log_LineInfo] 2026-05-27 15:08:58,342 [INFO] Middleware:1454 - No code input for Bsp Dependency
2026-05-27 15:08:58,636 DEBUG [LineInfo_to_exitCode.log_LineInfo] 2026-05-27 15:08:58,636 [INFO] CodeEngine:295 - oldGeneratedFile, D:\code\pmsm_foc_driver\pmsm_foc_driver\MXTmpFiles\dma.tmp_save
2026-05-27 15:08:59,014 DEBUG [LineInfo_to_exitCode.log_LineInfo] 2026-05-27 15:08:59,013 [INFO] CodeEngine:319 - Generated code: D:\code\pmsm_foc_driver\pmsm_foc_driver\MXTmpFiles\dma.tmp
2026-05-27 15:08:59,041 DEBUG [LineInfo_to_exitCode.log_LineInfo] 2026-05-27 15:08:59,041 [INFO] CodeEngine:295 - oldGeneratedFile, D:\code\pmsm_foc_driver\pmsm_foc_driver\MXTmpFiles\dma_GV.tmp_save
2026-05-27 15:08:59,154 DEBUG [LineInfo_to_exitCode.log_LineInfo] 2026-05-27 15:08:59,154 [INFO] CodeEngine:319 - Generated code: D:\code\pmsm_foc_driver\pmsm_foc_driver\MXTmpFiles\dma_GV.tmp
2026-05-27 15:08:59,598 DEBUG [LineInfo_to_exitCode.log_LineInfo] 2026-05-27 15:08:59,597 [INFO] Middleware:1454 - No code input for Bsp Dependency
2026-05-27 15:08:59,739 DEBUG [LineInfo_to_exitCode.log_LineInfo] 2026-05-27 15:08:59,738 [INFO] CodeEngine:295 - oldGeneratedFile, D:\code\pmsm_foc_driver\pmsm_foc_driver\Src\motorcontrol.c_save
2026-05-27 15:09:00,000 INFO  [LineInfo_to_exitCode.log_LineInfo] Generated code: D:\code\pmsm_foc_driver\pmsm_foc_driver\Src\motorcontrol.c
2026-05-27 15:09:00,044 DEBUG [LineInfo_to_exitCode.log_LineInfo] 2026-05-27 15:09:00,043 [INFO] CodeEngine:295 - oldGeneratedFile, D:\code\pmsm_foc_driver\pmsm_foc_driver\Inc\motorcontrol.h_save
2026-05-27 15:09:00,152 INFO  [LineInfo_to_exitCode.log_LineInfo] Generated code: D:\code\pmsm_foc_driver\pmsm_foc_driver\Inc\motorcontrol.h
2026-05-27 15:09:00,178 DEBUG [LineInfo_to_exitCode.log_LineInfo] 2026-05-27 15:09:00,177 [INFO] CodeEngine:295 - oldGeneratedFile, D:\code\pmsm_foc_driver\pmsm_foc_driver\Inc\drive_parameters.h_save
2026-05-27 15:09:00,434 INFO  [LineInfo_to_exitCode.log_LineInfo] Generated code: D:\code\pmsm_foc_driver\pmsm_foc_driver\Inc\drive_parameters.h
2026-05-27 15:09:00,463 DEBUG [LineInfo_to_exitCode.log_LineInfo] 2026-05-27 15:09:00,462 [INFO] CodeEngine:295 - oldGeneratedFile, D:\code\pmsm_foc_driver\pmsm_foc_driver\Inc\mc_type.h_save
2026-05-27 15:09:00,650 INFO  [LineInfo_to_exitCode.log_LineInfo] Generated code: D:\code\pmsm_foc_driver\pmsm_foc_driver\Inc\mc_type.h
2026-05-27 15:09:00,685 DEBUG [LineInfo_to_exitCode.log_LineInfo] 2026-05-27 15:09:00,685 [INFO] CodeEngine:295 - oldGeneratedFile, D:\code\pmsm_foc_driver\pmsm_foc_driver\Src\speed_torq_ctrl.c_save
2026-05-27 15:09:00,884 INFO  [LineInfo_to_exitCode.log_LineInfo] Generated code: D:\code\pmsm_foc_driver\pmsm_foc_driver\Src\speed_torq_ctrl.c
2026-05-27 15:09:00,918 DEBUG [LineInfo_to_exitCode.log_LineInfo] 2026-05-27 15:09:00,917 [INFO] CodeEngine:295 - oldGeneratedFile, D:\code\pmsm_foc_driver\pmsm_foc_driver\Inc\speed_torq_ctrl.h_save
2026-05-27 15:09:01,070 INFO  [LineInfo_to_exitCode.log_LineInfo] Generated code: D:\code\pmsm_foc_driver\pmsm_foc_driver\Inc\speed_torq_ctrl.h
2026-05-27 15:09:01,101 DEBUG [LineInfo_to_exitCode.log_LineInfo] 2026-05-27 15:09:01,101 [INFO] CodeEngine:295 - oldGeneratedFile, D:\code\pmsm_foc_driver\pmsm_foc_driver\Inc\mc_tasks.h_save
2026-05-27 15:09:01,238 INFO  [LineInfo_to_exitCode.log_LineInfo] Generated code: D:\code\pmsm_foc_driver\pmsm_foc_driver\Inc\mc_tasks.h
2026-05-27 15:09:01,268 DEBUG [LineInfo_to_exitCode.log_LineInfo] 2026-05-27 15:09:01,268 [INFO] CodeEngine:295 - oldGeneratedFile, D:\code\pmsm_foc_driver\pmsm_foc_driver\Src\pwm_common.c_save
2026-05-27 15:09:01,395 INFO  [LineInfo_to_exitCode.log_LineInfo] Generated code: D:\code\pmsm_foc_driver\pmsm_foc_driver\Src\pwm_common.c
2026-05-27 15:09:01,426 DEBUG [LineInfo_to_exitCode.log_LineInfo] 2026-05-27 15:09:01,426 [INFO] CodeEngine:295 - oldGeneratedFile, D:\code\pmsm_foc_driver\pmsm_foc_driver\Inc\pwm_common.h_save
2026-05-27 15:09:01,551 INFO  [LineInfo_to_exitCode.log_LineInfo] Generated code: D:\code\pmsm_foc_driver\pmsm_foc_driver\Inc\pwm_common.h
2026-05-27 15:09:01,580 DEBUG [LineInfo_to_exitCode.log_LineInfo] 2026-05-27 15:09:01,578 [INFO] CodeEngine:295 - oldGeneratedFile, D:\code\pmsm_foc_driver\pmsm_foc_driver\Src\mc_api.c_save
2026-05-27 15:09:01,810 INFO  [LineInfo_to_exitCode.log_LineInfo] Generated code: D:\code\pmsm_foc_driver\pmsm_foc_driver\Src\mc_api.c
2026-05-27 15:09:01,839 DEBUG [LineInfo_to_exitCode.log_LineInfo] 2026-05-27 15:09:01,839 [INFO] CodeEngine:295 - oldGeneratedFile, D:\code\pmsm_foc_driver\pmsm_foc_driver\Inc\mc_api.h_save
2026-05-27 15:09:01,950 INFO  [LineInfo_to_exitCode.log_LineInfo] Generated code: D:\code\pmsm_foc_driver\pmsm_foc_driver\Inc\mc_api.h
2026-05-27 15:09:01,979 DEBUG [LineInfo_to_exitCode.log_LineInfo] 2026-05-27 15:09:01,978 [INFO] CodeEngine:295 - oldGeneratedFile, D:\code\pmsm_foc_driver\pmsm_foc_driver\Src\mc_config.c_save
2026-05-27 15:09:02,176 INFO  [LineInfo_to_exitCode.log_LineInfo] Generated code: D:\code\pmsm_foc_driver\pmsm_foc_driver\Src\mc_config.c
2026-05-27 15:09:02,209 DEBUG [LineInfo_to_exitCode.log_LineInfo] 2026-05-27 15:09:02,207 [INFO] CodeEngine:295 - oldGeneratedFile, D:\code\pmsm_foc_driver\pmsm_foc_driver\Src\mc_config_common.c_save
2026-05-27 15:09:02,341 INFO  [LineInfo_to_exitCode.log_LineInfo] Generated code: D:\code\pmsm_foc_driver\pmsm_foc_driver\Src\mc_config_common.c
2026-05-27 15:09:02,368 DEBUG [LineInfo_to_exitCode.log_LineInfo] 2026-05-27 15:09:02,368 [INFO] CodeEngine:295 - oldGeneratedFile, D:\code\pmsm_foc_driver\pmsm_foc_driver\Inc\mc_config.h_save
2026-05-27 15:09:02,488 INFO  [LineInfo_to_exitCode.log_LineInfo] Generated code: D:\code\pmsm_foc_driver\pmsm_foc_driver\Inc\mc_config.h
2026-05-27 15:09:02,515 DEBUG [LineInfo_to_exitCode.log_LineInfo] 2026-05-27 15:09:02,515 [INFO] CodeEngine:295 - oldGeneratedFile, D:\code\pmsm_foc_driver\pmsm_foc_driver\Inc\mc_config_common.h_save
2026-05-27 15:09:02,641 INFO  [LineInfo_to_exitCode.log_LineInfo] Generated code: D:\code\pmsm_foc_driver\pmsm_foc_driver\Inc\mc_config_common.h
2026-05-27 15:09:02,669 DEBUG [LineInfo_to_exitCode.log_LineInfo] 2026-05-27 15:09:02,668 [INFO] CodeEngine:295 - oldGeneratedFile, D:\code\pmsm_foc_driver\pmsm_foc_driver\Inc\mcp_config.h_save
2026-05-27 15:09:02,791 INFO  [LineInfo_to_exitCode.log_LineInfo] Generated code: D:\code\pmsm_foc_driver\pmsm_foc_driver\Inc\mcp_config.h
2026-05-27 15:09:02,818 DEBUG [LineInfo_to_exitCode.log_LineInfo] 2026-05-27 15:09:02,817 [INFO] CodeEngine:295 - oldGeneratedFile, D:\code\pmsm_foc_driver\pmsm_foc_driver\Src\mcp_config.c_save
2026-05-27 15:09:02,940 INFO  [LineInfo_to_exitCode.log_LineInfo] Generated code: D:\code\pmsm_foc_driver\pmsm_foc_driver\Src\mcp_config.c
2026-05-27 15:09:02,987 DEBUG [LineInfo_to_exitCode.log_LineInfo] 2026-05-27 15:09:02,986 [INFO] CodeEngine:295 - oldGeneratedFile, D:\code\pmsm_foc_driver\pmsm_foc_driver\Inc\mc_stm_types.h_save
2026-05-27 15:09:03,158 INFO  [LineInfo_to_exitCode.log_LineInfo] Generated code: D:\code\pmsm_foc_driver\pmsm_foc_driver\Inc\mc_stm_types.h
2026-05-27 15:09:03,188 DEBUG [LineInfo_to_exitCode.log_LineInfo] 2026-05-27 15:09:03,188 [INFO] CodeEngine:295 - oldGeneratedFile, D:\code\pmsm_foc_driver\pmsm_foc_driver\Src\mc_tasks.c_save
2026-05-27 15:09:03,385 INFO  [LineInfo_to_exitCode.log_LineInfo] Generated code: D:\code\pmsm_foc_driver\pmsm_foc_driver\Src\mc_tasks.c
2026-05-27 15:09:03,412 DEBUG [LineInfo_to_exitCode.log_LineInfo] 2026-05-27 15:09:03,411 [INFO] CodeEngine:295 - oldGeneratedFile, D:\code\pmsm_foc_driver\pmsm_foc_driver\Src\mc_tasks_foc.c_save
2026-05-27 15:09:03,610 INFO  [LineInfo_to_exitCode.log_LineInfo] Generated code: D:\code\pmsm_foc_driver\pmsm_foc_driver\Src\mc_tasks_foc.c
2026-05-27 15:09:03,638 DEBUG [LineInfo_to_exitCode.log_LineInfo] 2026-05-27 15:09:03,638 [INFO] CodeEngine:295 - oldGeneratedFile, D:\code\pmsm_foc_driver\pmsm_foc_driver\Src\pwm_curr_fdbk.c_save
2026-05-27 15:09:03,797 INFO  [LineInfo_to_exitCode.log_LineInfo] Generated code: D:\code\pmsm_foc_driver\pmsm_foc_driver\Src\pwm_curr_fdbk.c
2026-05-27 15:09:03,828 DEBUG [LineInfo_to_exitCode.log_LineInfo] 2026-05-27 15:09:03,828 [INFO] CodeEngine:295 - oldGeneratedFile, D:\code\pmsm_foc_driver\pmsm_foc_driver\Inc\pwm_curr_fdbk.h_save
2026-05-27 15:09:03,980 INFO  [LineInfo_to_exitCode.log_LineInfo] Generated code: D:\code\pmsm_foc_driver\pmsm_foc_driver\Inc\pwm_curr_fdbk.h
2026-05-27 15:09:04,011 DEBUG [LineInfo_to_exitCode.log_LineInfo] 2026-05-27 15:09:04,011 [INFO] CodeEngine:295 - oldGeneratedFile, D:\code\pmsm_foc_driver\pmsm_foc_driver\Src\regular_conversion_manager.c_save
2026-05-27 15:09:04,197 INFO  [LineInfo_to_exitCode.log_LineInfo] Generated code: D:\code\pmsm_foc_driver\pmsm_foc_driver\Src\regular_conversion_manager.c
2026-05-27 15:09:04,226 DEBUG [LineInfo_to_exitCode.log_LineInfo] 2026-05-27 15:09:04,226 [INFO] CodeEngine:295 - oldGeneratedFile, D:\code\pmsm_foc_driver\pmsm_foc_driver\Inc\regular_conversion_manager.h_save
2026-05-27 15:09:04,378 INFO  [LineInfo_to_exitCode.log_LineInfo] Generated code: D:\code\pmsm_foc_driver\pmsm_foc_driver\Inc\regular_conversion_manager.h
2026-05-27 15:09:04,417 DEBUG [LineInfo_to_exitCode.log_LineInfo] 2026-05-27 15:09:04,417 [INFO] CodeEngine:295 - oldGeneratedFile, D:\code\pmsm_foc_driver\pmsm_foc_driver\Src\mc_math.c_save
2026-05-27 15:09:04,652 INFO  [LineInfo_to_exitCode.log_LineInfo] Generated code: D:\code\pmsm_foc_driver\pmsm_foc_driver\Src\mc_math.c
2026-05-27 15:09:04,694 DEBUG [LineInfo_to_exitCode.log_LineInfo] 2026-05-27 15:09:04,694 [INFO] CodeEngine:295 - oldGeneratedFile, D:\code\pmsm_foc_driver\pmsm_foc_driver\Inc\mc_math.h_save
2026-05-27 15:09:04,893 INFO  [LineInfo_to_exitCode.log_LineInfo] Generated code: D:\code\pmsm_foc_driver\pmsm_foc_driver\Inc\mc_math.h
2026-05-27 15:09:04,934 DEBUG [LineInfo_to_exitCode.log_LineInfo] 2026-05-27 15:09:04,933 [INFO] CodeEngine:295 - oldGeneratedFile, D:\code\pmsm_foc_driver\pmsm_foc_driver\Src\mc_interface.c_save
2026-05-27 15:09:05,167 INFO  [LineInfo_to_exitCode.log_LineInfo] Generated code: D:\code\pmsm_foc_driver\pmsm_foc_driver\Src\mc_interface.c
2026-05-27 15:09:05,212 DEBUG [LineInfo_to_exitCode.log_LineInfo] 2026-05-27 15:09:05,211 [INFO] CodeEngine:295 - oldGeneratedFile, D:\code\pmsm_foc_driver\pmsm_foc_driver\Inc\mc_interface.h_save
2026-05-27 15:09:05,399 INFO  [LineInfo_to_exitCode.log_LineInfo] Generated code: D:\code\pmsm_foc_driver\pmsm_foc_driver\Inc\mc_interface.h
2026-05-27 15:09:05,436 DEBUG [LineInfo_to_exitCode.log_LineInfo] 2026-05-27 15:09:05,436 [INFO] CodeEngine:295 - oldGeneratedFile, D:\code\pmsm_foc_driver\pmsm_foc_driver\Inc\parameters_conversion.h_save
2026-05-27 15:09:05,721 INFO  [LineInfo_to_exitCode.log_LineInfo] Generated code: D:\code\pmsm_foc_driver\pmsm_foc_driver\Inc\parameters_conversion.h
2026-05-27 15:09:05,751 DEBUG [LineInfo_to_exitCode.log_LineInfo] 2026-05-27 15:09:05,751 [INFO] CodeEngine:295 - oldGeneratedFile, D:\code\pmsm_foc_driver\pmsm_foc_driver\Inc\parameters_conversion_f4xx.h_save
2026-05-27 15:09:05,888 INFO  [LineInfo_to_exitCode.log_LineInfo] Generated code: D:\code\pmsm_foc_driver\pmsm_foc_driver\Inc\parameters_conversion_f4xx.h
2026-05-27 15:09:05,918 DEBUG [LineInfo_to_exitCode.log_LineInfo] 2026-05-27 15:09:05,918 [INFO] CodeEngine:295 - oldGeneratedFile, D:\code\pmsm_foc_driver\pmsm_foc_driver\Inc\pmsm_motor_parameters.h_save
2026-05-27 15:09:06,072 INFO  [LineInfo_to_exitCode.log_LineInfo] Generated code: D:\code\pmsm_foc_driver\pmsm_foc_driver\Inc\pmsm_motor_parameters.h
2026-05-27 15:09:06,111 DEBUG [LineInfo_to_exitCode.log_LineInfo] 2026-05-27 15:09:06,110 [INFO] CodeEngine:295 - oldGeneratedFile, D:\code\pmsm_foc_driver\pmsm_foc_driver\Inc\power_stage_parameters.h_save
2026-05-27 15:09:06,229 INFO  [LineInfo_to_exitCode.log_LineInfo] Generated code: D:\code\pmsm_foc_driver\pmsm_foc_driver\Inc\power_stage_parameters.h
2026-05-27 15:09:06,258 DEBUG [LineInfo_to_exitCode.log_LineInfo] 2026-05-27 15:09:06,258 [INFO] CodeEngine:295 - oldGeneratedFile, D:\code\pmsm_foc_driver\pmsm_foc_driver\Src\stm32_mc_common_it.c_save
2026-05-27 15:09:06,386 INFO  [LineInfo_to_exitCode.log_LineInfo] Generated code: D:\code\pmsm_foc_driver\pmsm_foc_driver\Src\stm32_mc_common_it.c
2026-05-27 15:09:06,412 DEBUG [LineInfo_to_exitCode.log_LineInfo] 2026-05-27 15:09:06,412 [INFO] CodeEngine:295 - oldGeneratedFile, D:\code\pmsm_foc_driver\pmsm_foc_driver\Src\stm32f4xx_mc_it.c_save
2026-05-27 15:09:06,511 INFO  [LineInfo_to_exitCode.log_LineInfo] Generated code: D:\code\pmsm_foc_driver\pmsm_foc_driver\Src\stm32f4xx_mc_it.c
2026-05-27 15:09:06,536 DEBUG [LineInfo_to_exitCode.log_LineInfo] 2026-05-27 15:09:06,536 [INFO] CodeEngine:295 - oldGeneratedFile, D:\code\pmsm_foc_driver\pmsm_foc_driver\Inc\mc_parameters.h_save
2026-05-27 15:09:06,647 INFO  [LineInfo_to_exitCode.log_LineInfo] Generated code: D:\code\pmsm_foc_driver\pmsm_foc_driver\Inc\mc_parameters.h
2026-05-27 15:09:06,678 DEBUG [LineInfo_to_exitCode.log_LineInfo] 2026-05-27 15:09:06,678 [INFO] CodeEngine:295 - oldGeneratedFile, D:\code\pmsm_foc_driver\pmsm_foc_driver\Src\mc_parameters.c_save
2026-05-27 15:09:06,887 INFO  [LineInfo_to_exitCode.log_LineInfo] Generated code: D:\code\pmsm_foc_driver\pmsm_foc_driver\Src\mc_parameters.c
2026-05-27 15:09:06,913 DEBUG [LineInfo_to_exitCode.log_LineInfo] 2026-05-27 15:09:06,912 [INFO] CodeEngine:295 - oldGeneratedFile, D:\code\pmsm_foc_driver\pmsm_foc_driver\Src\hf_registers.c_save
2026-05-27 15:09:07,051 INFO  [LineInfo_to_exitCode.log_LineInfo] Generated code: D:\code\pmsm_foc_driver\pmsm_foc_driver\Src\hf_registers.c
2026-05-27 15:09:07,086 DEBUG [LineInfo_to_exitCode.log_LineInfo] 2026-05-27 15:09:07,086 [INFO] CodeEngine:295 - oldGeneratedFile, D:\code\pmsm_foc_driver\pmsm_foc_driver\Src\sync_registers.c_save
2026-05-27 15:09:07,283 INFO  [LineInfo_to_exitCode.log_LineInfo] Generated code: D:\code\pmsm_foc_driver\pmsm_foc_driver\Src\sync_registers.c
2026-05-27 15:09:07,318 DEBUG [LineInfo_to_exitCode.log_LineInfo] 2026-05-27 15:09:07,318 [INFO] CodeEngine:295 - oldGeneratedFile, D:\code\pmsm_foc_driver\pmsm_foc_driver\Src\mcp.c_save
2026-05-27 15:09:07,497 INFO  [LineInfo_to_exitCode.log_LineInfo] Generated code: D:\code\pmsm_foc_driver\pmsm_foc_driver\Src\mcp.c
2026-05-27 15:09:07,532 DEBUG [LineInfo_to_exitCode.log_LineInfo] 2026-05-27 15:09:07,532 [INFO] CodeEngine:295 - oldGeneratedFile, D:\code\pmsm_foc_driver\pmsm_foc_driver\Inc\register_interface.h_save
2026-05-27 15:09:07,710 INFO  [LineInfo_to_exitCode.log_LineInfo] Generated code: D:\code\pmsm_foc_driver\pmsm_foc_driver\Inc\register_interface.h
2026-05-27 15:09:07,746 DEBUG [LineInfo_to_exitCode.log_LineInfo] 2026-05-27 15:09:07,746 [INFO] CodeEngine:295 - oldGeneratedFile, D:\code\pmsm_foc_driver\pmsm_foc_driver\Src\usart_aspep_driver.c_save
2026-05-27 15:09:07,854 INFO  [LineInfo_to_exitCode.log_LineInfo] Generated code: D:\code\pmsm_foc_driver\pmsm_foc_driver\Src\usart_aspep_driver.c
2026-05-27 15:09:07,884 DEBUG [LineInfo_to_exitCode.log_LineInfo] 2026-05-27 15:09:07,884 [INFO] CodeEngine:295 - oldGeneratedFile, D:\code\pmsm_foc_driver\pmsm_foc_driver\Src\mc_configuration_registers.c_save
2026-05-27 15:09:08,015 INFO  [LineInfo_to_exitCode.log_LineInfo] Generated code: D:\code\pmsm_foc_driver\pmsm_foc_driver\Src\mc_configuration_registers.c
2026-05-27 15:09:08,048 DEBUG [LineInfo_to_exitCode.log_LineInfo] 2026-05-27 15:09:08,048 [INFO] CodeEngine:295 - oldGeneratedFile, D:\code\pmsm_foc_driver\pmsm_foc_driver\Inc\mc_configuration_registers.h_save
2026-05-27 15:09:08,163 INFO  [LineInfo_to_exitCode.log_LineInfo] Generated code: D:\code\pmsm_foc_driver\pmsm_foc_driver\Inc\mc_configuration_registers.h
2026-05-27 15:09:08,188 DEBUG [LineInfo_to_exitCode.log_LineInfo] 2026-05-27 15:09:08,187 [INFO] CodeEngine:295 - oldGeneratedFile, D:\code\pmsm_foc_driver\pmsm_foc_driver\Inc\aspep.h_save
2026-05-27 15:09:08,269 INFO  [LineInfo_to_exitCode.log_LineInfo] Generated code: D:\code\pmsm_foc_driver\pmsm_foc_driver\Inc\aspep.h
2026-05-27 15:09:08,295 DEBUG [LineInfo_to_exitCode.log_LineInfo] 2026-05-27 15:09:08,295 [INFO] CodeEngine:295 - oldGeneratedFile, D:\code\pmsm_foc_driver\pmsm_foc_driver\Src\aspep.c_save
2026-05-27 15:09:08,401 INFO  [LineInfo_to_exitCode.log_LineInfo] Generated code: D:\code\pmsm_foc_driver\pmsm_foc_driver\Src\aspep.c
2026-05-27 15:09:08,424 DEBUG [LineInfo_to_exitCode.log_LineInfo] 2026-05-27 15:09:08,424 [INFO] CodeEngine:295 - oldGeneratedFile, D:\code\pmsm_foc_driver\pmsm_foc_driver\Inc\mc_app_hooks.h_save
2026-05-27 15:09:08,507 INFO  [LineInfo_to_exitCode.log_LineInfo] Generated code: D:\code\pmsm_foc_driver\pmsm_foc_driver\Inc\mc_app_hooks.h
2026-05-27 15:09:08,530 DEBUG [LineInfo_to_exitCode.log_LineInfo] 2026-05-27 15:09:08,530 [INFO] CodeEngine:295 - oldGeneratedFile, D:\code\pmsm_foc_driver\pmsm_foc_driver\Src\mc_app_hooks.c_save
2026-05-27 15:09:08,614 INFO  [LineInfo_to_exitCode.log_LineInfo] Generated code: D:\code\pmsm_foc_driver\pmsm_foc_driver\Src\mc_app_hooks.c
2026-05-27 15:09:08,666 DEBUG [LineInfo_to_exitCode.log_LineInfo] 2026-05-27 15:09:08,666 [INFO] CodeEngine:295 - oldGeneratedFile, D:\code\pmsm_foc_driver\pmsm_foc_driver\Src\stm32f4xx_it.c_save
2026-05-27 15:09:08,881 INFO  [LineInfo_to_exitCode.log_LineInfo] Generated code: D:\code\pmsm_foc_driver\pmsm_foc_driver\Src\stm32f4xx_it.c
2026-05-27 15:09:08,912 DEBUG [LineInfo_to_exitCode.log_LineInfo] 2026-05-27 15:09:08,911 [INFO] CodeEngine:295 - oldGeneratedFile, D:\code\pmsm_foc_driver\pmsm_foc_driver\Inc\stm32f4xx_it.h_save
2026-05-27 15:09:09,011 INFO  [LineInfo_to_exitCode.log_LineInfo] Generated code: D:\code\pmsm_foc_driver\pmsm_foc_driver\Inc\stm32f4xx_it.h
2026-05-27 15:09:09,075 DEBUG [LineInfo_to_exitCode.log_LineInfo] 2026-05-27 15:09:09,075 [INFO] CodeEngine:295 - oldGeneratedFile, D:\code\pmsm_foc_driver\pmsm_foc_driver\Src\stm32f4xx_hal_msp.c_save
2026-05-27 15:09:09,335 INFO  [LineInfo_to_exitCode.log_LineInfo] Generated code: D:\code\pmsm_foc_driver\pmsm_foc_driver\Src\stm32f4xx_hal_msp.c
2026-05-27 15:09:09,376 DEBUG [LineInfo_to_exitCode.log_LineInfo] 2026-05-27 15:09:09,375 [INFO] CodeEngine:295 - oldGeneratedFile, D:\code\pmsm_foc_driver\pmsm_foc_driver\MXTmpFiles\system.tmp_save
2026-05-27 15:09:09,433 DEBUG [LineInfo_to_exitCode.log_LineInfo] 2026-05-27 15:09:09,432 [INFO] CodeEngine:319 - Generated code: D:\code\pmsm_foc_driver\pmsm_foc_driver\MXTmpFiles\system.tmp
2026-05-27 15:09:09,473 DEBUG [LineInfo_to_exitCode.log_LineInfo] 2026-05-27 15:09:09,473 [INFO] CodeEngine:351 - oldGeneratedFile, D:\code\pmsm_foc_driver\pmsm_foc_driver\Inc\stm32f4xx_hal_conf.h_save
2026-05-27 15:09:09,675 INFO  [LineInfo_to_exitCode.log_LineInfo] Generated code: D:\code\pmsm_foc_driver\pmsm_foc_driver\Inc\stm32f4xx_hal_conf.h
2026-05-27 15:09:09,739 DEBUG [LineInfo_to_exitCode.log_LineInfo] 2026-05-27 15:09:09,739 [INFO] ApiDbMcu:530 - Load IP Config File for ADC1
2026-05-27 15:09:09,743 DEBUG [LineInfo_to_exitCode.log_LineInfo] 2026-05-27 15:09:09,742 [INFO] ApiDbMcu:530 - Load IP Config File for ADC2
2026-05-27 15:09:09,753 DEBUG [LineInfo_to_exitCode.log_LineInfo] 2026-05-27 15:09:09,753 [INFO] ApiDbMcu:530 - Load IP Config File for TIM1
2026-05-27 15:09:09,761 DEBUG [LineInfo_to_exitCode.log_LineInfo] 2026-05-27 15:09:09,761 [INFO] ApiDbMcu:530 - Load IP Config File for TIM3
2026-05-27 15:09:09,763 DEBUG [LineInfo_to_exitCode.log_LineInfo] 2026-05-27 15:09:09,763 [INFO] ApiDbMcu:530 - Load IP Config File for USART1
2026-05-27 15:09:09,766 DEBUG [LineInfo_to_exitCode.log_LineInfo] 2026-05-27 15:09:09,766 [INFO] ApiDbMcu:530 - Load IP Config File for RCC
2026-05-27 15:09:09,822 DEBUG [LineInfo_to_exitCode.log_LineInfo] 2026-05-27 15:09:09,822 [INFO] CodeEngine:295 - oldGeneratedFile, D:\code\pmsm_foc_driver\pmsm_foc_driver\Inc\main.h_save
2026-05-27 15:09:09,999 INFO  [LineInfo_to_exitCode.log_LineInfo] Generated code: D:\code\pmsm_foc_driver\pmsm_foc_driver\Inc\main.h
2026-05-27 15:09:10,044 DEBUG [LineInfo_to_exitCode.log_LineInfo] 2026-05-27 15:09:10,044 [INFO] CodeEngine:295 - oldGeneratedFile, D:\code\pmsm_foc_driver\pmsm_foc_driver\Src\main.c_save
2026-05-27 15:09:10,206 INFO  [LineInfo_to_exitCode.log_LineInfo] Generated code: D:\code\pmsm_foc_driver\pmsm_foc_driver\Src\main.c
2026-05-27 15:09:10,464 DEBUG [LineInfo_to_exitCode.log_LineInfo] 2026-05-27 15:09:10,464 [INFO] ProjectBuilder:3731 - Time for Copy HAL[0] : 123mS.
2026-05-27 15:09:10,470 DEBUG [LineInfo_to_exitCode.log_LineInfo] 2026-05-27 15:09:10,470 [INFO] ProjectBuilder:5341 - Project Generator version: 4.9.0-B19
2026-05-27 15:09:10,574 DEBUG [LineInfo_to_exitCode.log_LineInfo] 2026-05-27 15:09:10,574 [INFO] ConfigFileManager:1613 - The Die is : DIE413
2026-05-27 15:09:10,580 DEBUG [LineInfo_to_exitCode.log_LineInfo] 2026-05-27 15:09:10,579 [INFO] ApiDbMcu:530 - Load IP Config File for FATFS
2026-05-27 15:09:10,583 DEBUG [LineInfo_to_exitCode.log_LineInfo] 2026-05-27 15:09:10,583 [INFO] ApiDbMcu:530 - Load IP Config File for FREERTOS
2026-05-27 15:09:10,585 DEBUG [LineInfo_to_exitCode.log_LineInfo] 2026-05-27 15:09:10,585 [INFO] ApiDbMcu:530 - Load IP Config File for LIBJPEG
2026-05-27 15:09:10,589 DEBUG [LineInfo_to_exitCode.log_LineInfo] 2026-05-27 15:09:10,589 [INFO] ApiDbMcu:530 - Load IP Config File for LWIP
2026-05-27 15:09:10,597 DEBUG [LineInfo_to_exitCode.log_LineInfo] 2026-05-27 15:09:10,597 [INFO] ApiDbMcu:530 - Load IP Config File for MBEDTLS
2026-05-27 15:09:10,602 DEBUG [LineInfo_to_exitCode.log_LineInfo] 2026-05-27 15:09:10,602 [INFO] ApiDbMcu:530 - Load IP Config File for USB_DEVICE
2026-05-27 15:09:10,605 DEBUG [LineInfo_to_exitCode.log_LineInfo] 2026-05-27 15:09:10,605 [INFO] ApiDbMcu:530 - Load IP Config File for USB_HOST
2026-05-27 15:09:12,222 DEBUG [LineInfo_to_exitCode.log_LineInfo] 2026-05-27 15:09:12,221 [INFO] ConfigFileManager:3194 - mx.scratch is deleted!
2026-05-27 15:09:12,222 DEBUG [LineInfo_to_exitCode.log_LineInfo] 2026-05-27 15:09:12,222 [INFO] ProjectBuilder:5628 - Time for Generating toolchain IDE Files: 1751mS.
2026-05-27 15:09:12,822 DEBUG [LineInfo_to_exitCode.log_LineInfo] 2026-05-27 15:09:12,822 [INFO] ProjectBuilder:3588 - Time for Copy CMSIS : 600mS.
2026-05-27 15:09:13,078 DEBUG [LineInfo_to_exitCode.log_LineInfo] 2026-05-27 15:09:13,078 [INFO] ProjectBuilder:3588 - Time for Copy CMSIS : 254mS.
2026-05-27 15:09:13,101 DEBUG [LineInfo_to_exitCode.log_LineInfo] 2026-05-27 15:09:13,101 [INFO] MainFileManager:749 - Exiting application...
2026-05-27 15:09:13,246 DEBUG [LineInfo_to_exitCode.log_LineInfo] 2026-05-27 15:09:13,246 [INFO] LoadUrlFilesThread:185 - End of LoadServerUrlFiles without Thread
2026-05-27 15:09:13,404 DEBUG [LineInfo_to_exitCode.log_LineInfo] 2026-05-27 15:09:13,404 [INFO] ServerAccessManage:452 - Complete download http(s) 200
2026-05-27 15:09:13,405 DEBUG [LineInfo_to_exitCode.log_LineInfo] 2026-05-27 15:09:13,404 [INFO] ServerAccessManage:509 - Download File 
2026-05-27 15:09:13,406 DEBUG [LineInfo_to_exitCode.log_LineInfo] 2026-05-27 15:09:13,406 [INFO] LoadUrlFilesThread:185 - End of LoadServerUrlFiles without Thread
2026-05-27 15:09:13,407 DEBUG [LineInfo_to_exitCode.log_LineInfo] 2026-05-27 15:09:13,406 [INFO] DbMcusAds:53 - JSON generation date=Mon Apr 27 16:14:29 HKT 2026 (1777277669924)
2026-05-27 15:09:13,410 DEBUG [LineInfo_to_exitCode.log_LineInfo] 2026-05-27 15:09:13,409 [INFO] LoadUrlFilesThread:185 - End of LoadServerUrlFiles without Thread
2026-05-27 15:09:13,410 DEBUG [LineInfo_to_exitCode.log_LineInfo] 2026-05-27 15:09:13,410 [INFO] MainFileManager:811 - Refresh advertisement image is successful
2026-05-27 15:09:13,410 DEBUG [LineInfo_to_exitCode.log_LineInfo] 2026-05-27 15:09:13,410 [INFO] ApplicationProperties:184 - Using Application install path: D:\Program Files\STMicroelectronics\STM32Cube\STM32CubeMX
2026-05-27 15:09:13,410 DEBUG [LineInfo_to_exitCode.log_LineInfo] 2026-05-27 15:09:13,410 [INFO] ApplicationProperties:184 - Using Application install path: D:\Program Files\STMicroelectronics\STM32Cube\STM32CubeMX
2026-05-27 15:09:15,545 DEBUG [LineInfo_to_exitCode.log_LineInfo] 2026-05-27 15:09:15,544 [INFO] WebApp:179 - JxBrowser engine has been closed 
2026-05-27 15:09:15,545 DEBUG [LineInfo_to_exitCode.log_LineInfo] 2026-05-27 15:09:15,545 [INFO] WebApp:330 - Close the Jxbrowser engine manually
2026-05-27 15:09:15,733 DEBUG [LineInfo_to_exitCode.log_LineInfo] 2026-05-27 15:09:15,733 [ERROR] WebUtils:1394 - Problem found when deleting profiles folder
2026-05-27 15:09:17,712 DEBUG [IOCDialogController.lambda$onClose$8] IOCGenerationDialog exists with return code 0
